time,PM25,Average Temperature,Rain Precipitation,Wind Speed,Visibility,Cloud Cover,Relative Humidity,Station,Division,Organization,Season
1/1/2017,231.5,20.5,0,6.9,1.2,16.3,73.17,12,Rangpur,PurpleAir,Winter
1/3/2017,181.9,21.4,0,9.2,1.7,14.4,69.74,13,Khulna,IQAir,Winter
1/4/2017,127.7,20.8,0,11.4,2,0.2,67.64,23,Khulna,PurpleAir,Winter
1/5/2017,206.8,19.6,0,10.3,1.2,20,79.39,15,Sylhet,IQAir,Winter
1/7/2017,227.1,18.9,0,8.1,1.3,28.2,73.95,1,Rajshahi,EPA,Winter
1/8/2017,143.4,20.3,0,11.4,1.8,9.8,65.89,8,Khulna,PurpleAir,Winter
1/10/2017,184,20.1,0,13.9,2.1,29.5,66.2,18,Barishal,PurpleAir,Winter
1/11/2017,176.3,19.7,0,8.5,1.7,6,67.23,13,Chittagong,IQAir,Winter
1/13/2017,120.9,18.1,0,13.9,2.2,0,58.59,11,Khulna,PurpleAir,Winter
1/14/2017,139.4,17.4,0,10.3,2.4,0,51.3,23,Chittagong,PurpleAir,Winter
1/15/2017,177.5,18.1,0,11.4,2,0.1,63.78,7,Sylhet,PurpleAir,Winter
1/17/2017,254.4,18.7,0,10.6,1.7,4.2,63.59,21,Chittagong,EPA,Winter
1/18/2017,289.4,19.5,0,6.9,1.7,8.1,65.25,5,Dhaka,IQAir,Winter
1/20/2017,206.2,20.2,0,9.2,2.2,15.9,61.19,15,Mymensingh,PurpleAir,Winter
1/21/2017,193.9,19.8,0,8.1,2.1,0,62.94,16,Sylhet,EPA,Winter
1/23/2017,213.4,21.1,0,10.3,2.1,0,61.31,2,Sylhet,IQAir,Winter
1/24/2017,159.6,21.1,0,9.2,2,2.1,62.8,6,Sylhet,IQAir,Winter
1/25/2017,247.8,22.1,0,6.9,1.8,0,66.67,7,Chittagong,PurpleAir,Winter
1/27/2017,285.8,22.2,0,8.1,1.8,55.2,65.61,4,Chittagong,PurpleAir,Winter
1/28/2017,192.2,22,0,9.2,1.8,29,67.63,7,Rajshahi,IQAir,Winter
1/30/2017,125.7,20.8,0,9.2,2.2,3.7,62.49,21,Rangpur,EPA,Winter
1/31/2017,177.1,20.5,0,9.2,2,0,64.01,16,Rajshahi,EPA,Winter
2/2/2017,171.5,21,0,13.9,2,0,61.76,17,Rangpur,PurpleAir,Winter
2/3/2017,232.6,19.9,0,9.2,1.8,0.1,71.47,17,Khulna,EPA,Winter
2/4/2017,170.3,21.6,0,8.3,1.8,5.6,67.07,18,Mymensingh,PurpleAir,Winter
2/6/2017,162.5,23.8,0,9.2,2.2,2.2,55.29,7,Rangpur,PurpleAir,Winter
2/7/2017,122.6,23.3,0,10.3,2.4,0.2,58.03,2,Chittagong,IQAir,Winter
2/9/2017,146.8,22.3,0,11.4,2.3,0,55.65,13,Rangpur,IQAir,Winter
2/10/2017,248.2,22.2,0,6.9,2.2,0,58.01,13,Sylhet,IQAir,Winter
2/12/2017,122.9,23.7,0,9.2,2.4,4.7,53.69,7,Khulna,PurpleAir,Winter
2/13/2017,167.9,23.9,0,10.3,2.4,2.4,47.46,5,Chittagong,PurpleAir,Winter
2/14/2017,218,24.1,0,6.9,2.3,5.6,57.33,12,Sylhet,IQAir,Winter
2/16/2017,211.5,23.8,0,10.3,2.2,1.5,57.46,21,Barishal,EPA,Winter
2/17/2017,186.6,23.5,0,6.9,2.3,0,56.75,10,Sylhet,IQAir,Winter
2/19/2017,265.2,24.5,0,7.3,2.2,24.1,60.52,13,Rangpur,IQAir,Winter
2/20/2017,179.8,24.4,0,11.4,1.7,30.7,72.37,1,Rangpur,EPA,Winter
2/22/2017,117.5,26.2,0,13.9,2.4,56.2,66.9,18,Dhaka,PurpleAir,Winter
2/23/2017,62,25.5,5.4,12.8,2.4,56.2,63.48,11,Khulna,EPA,Winter
2/24/2017,32.5,24.1,0,11.4,2.5,0.4,46.72,7,Rajshahi,EPA,Winter
2/26/2017,3.1,23.5,0,11.4,2.5,0,48.62,10,Rangpur,EPA,Winter
2/27/2017,144.8,24.4,0,13.9,2.3,0,50.71,2,Chittagong,IQAir,Winter
3/1/2017,182.3,24.9,0,9.2,2.5,0,46.84,14,Khulna,IQAir,Spring
3/2/2017,169.8,25.6,0,11.4,2.2,0,54.21,1,Dhaka,IQAir,Spring
3/4/2017,83.3,26.2,0,11.4,2.6,47,57.84,14,Rajshahi,PurpleAir,Spring
3/5/2017,53.3,25.7,3.2,11.4,2.5,73.5,71.03,7,Dhaka,EPA,Spring
3/6/2017,69,24.3,17.74,9.2,2.5,57.9,72.06,16,Dhaka,EPA,Spring
3/8/2017,104.8,24.5,24.91,13.9,2.3,56.6,64.69,11,Chittagong,EPA,Spring
3/9/2017,68.6,23.4,0,9.2,2.5,40.4,68.14,13,Rajshahi,PurpleAir,Spring
3/11/2017,47.5,22.4,67.02,11.4,2.3,84.1,83.9,21,Khulna,IQAir,Spring
3/12/2017,88.8,24.8,19.48,11.4,2.4,70,67.05,7,Barishal,EPA,Spring
3/14/2017,81.3,24.3,0,13.9,2.7,0,48.34,22,Dhaka,PurpleAir,Spring
3/15/2017,118.6,24.5,0,11.4,2.7,8.6,47.43,21,Dhaka,EPA,Spring
3/16/2017,140.8,24,0,13.9,2.4,0,51.36,23,Rajshahi,IQAir,Spring
3/18/2017,68,24.1,30,13.9,2.5,60.3,69.65,20,Rajshahi,PurpleAir,Spring
3/19/2017,106.2,24.1,8.4,9.2,2.5,40.3,59.44,11,Barishal,IQAir,Spring
3/21/2017,101,22.6,1.2,11.4,2.5,41.7,64.37,3,Sylhet,EPA,Spring
3/22/2017,109.8,24.6,0,9.2,2.5,31.5,60.59,17,Mymensingh,EPA,Spring
3/24/2017,121.9,27.3,0,10.3,2.6,36.9,63.25,19,Rangpur,PurpleAir,Spring
3/25/2017,55.9,24.5,12.79,9.2,2.4,58,73.52,8,Chittagong,PurpleAir,Spring
3/26/2017,76.3,24.8,0,6.9,2.5,62.3,72.06,23,Rajshahi,PurpleAir,Spring
3/28/2017,55.7,26.8,0,11.4,2.4,65.7,76.96,1,Chittagong,IQAir,Spring
3/29/2017,50.6,26.1,31.49,13.4,2.4,76.3,80.48,22,Chittagong,IQAir,Spring
3/31/2017,45.3,29.3,4.7,17.2,2.6,63.9,70.26,20,Sylhet,IQAir,Spring
4/1/2017,33.9,29.2,18,15,2.7,64.7,69.02,2,Dhaka,PurpleAir,Spring
4/3/2017,40.2,28.7,0,23,2.6,71.2,69.91,10,Chittagong,EPA,Spring
4/4/2017,36,26.4,26.7,13.9,2.6,81.2,71.14,18,Sylhet,PurpleAir,Spring
4/5/2017,44.6,25.1,43.73,17.2,2.6,66,80.71,23,Sylhet,EPA,Spring
4/7/2017,67.6,29,7,11.4,2.4,63.1,72.6,14,Khulna,IQAir,Spring
4/8/2017,61.7,29.6,0,11.4,2.6,51.7,70.35,11,Barishal,PurpleAir,Spring
4/10/2017,67.6,30,0,11.4,2.6,31.1,64.51,19,Rangpur,IQAir,Spring
4/11/2017,74.2,30.4,0,11.4,2.7,22.9,58.65,8,Chittagong,PurpleAir,Spring
4/13/2017,129.8,30,0,9.2,2.7,1.4,58.98,18,Mymensingh,IQAir,Spring
4/14/2017,149.9,30.2,0,11.4,2.6,5.5,55.11,13,Rangpur,PurpleAir,Spring
4/15/2017,63.3,29.3,0,11.4,2.6,36.2,63.17,23,Chittagong,EPA,Spring
4/17/2017,78.1,28.7,0,11.4,2.7,3.4,56.56,23,Rajshahi,IQAir,Spring
4/18/2017,61.4,29.5,0,13.9,2.6,32.4,63.24,23,Rangpur,IQAir,Spring
4/20/2017,41.8,25.4,14.12,18.3,2.5,65.7,78.63,2,Dhaka,PurpleAir,Spring
4/21/2017,45.3,25.4,19.33,17.2,2.5,83.4,80.33,2,Khulna,EPA,Spring
4/23/2017,56,23.9,24.97,25.3,2.4,90.4,86.64,5,Chittagong,EPA,Spring
4/24/2017,44.4,23.1,66.28,24.2,2.4,90,86.72,4,Mymensingh,PurpleAir,Spring
4/25/2017,64.5,27.5,44,16.1,2.5,75.2,79.49,3,Khulna,IQAir,Spring
4/27/2017,58.3,30,0,13.9,2.6,80.1,73.17,13,Chittagong,PurpleAir,Spring
4/28/2017,64,29.9,0,13.9,2.6,57.9,73.2,2,Chittagong,EPA,Spring
4/30/2017,59.7,28.1,3.51,28.9,2.6,48.5,71.2,19,Sylhet,IQAir,Spring
5/1/2017,40,26.9,18.26,15.9,2.5,68.3,70.84,3,Chittagong,EPA,Spring
5/3/2017,91.1,29.7,0,11.4,2.5,41.4,67.94,23,Mymensingh,PurpleAir,Spring
5/4/2017,60.7,29.4,0,17.2,2.6,26.7,67.27,5,Khulna,IQAir,Spring
5/5/2017,59.1,30.3,0,11.4,2.6,49.5,68.2,16,Dhaka,IQAir,Spring
5/7/2017,36,29.4,0,12.8,2.6,62.1,70.37,23,Rajshahi,PurpleAir,Spring
5/8/2017,45.5,30.9,0,11.4,2.6,67,65.28,3,Rangpur,IQAir,Spring
5/10/2017,81.5,28.2,4,8.1,2.6,57.5,74.24,22,Rajshahi,EPA,Spring
5/11/2017,43.8,30.2,0,11.4,2.6,57.7,68.25,20,Sylhet,PurpleAir,Spring
5/13/2017,59.1,29.9,0.4,11.4,2.7,68,72.09,3,Khulna,EPA,Spring
5/14/2017,47.6,28.9,34.55,9.2,2.6,58.2,74.21,9,Barishal,IQAir,Spring
5/15/2017,31.2,28.1,54.91,16.1,2.6,76.6,78.25,5,Sylhet,EPA,Spring
5/17/2017,49.5,28.2,11.97,40.3,2.5,78.6,79.19,7,Khulna,IQAir,Spring
5/18/2017,36.7,29.2,37.08,11.4,2.6,53.6,69.8,20,Barishal,IQAir,Spring
5/20/2017,57,31.2,0,11.4,2.6,50,69.88,13,Sylhet,EPA,Spring
5/21/2017,46.2,31.2,0,13.9,2.6,54.1,69.91,4,Rajshahi,PurpleAir,Spring
5/23/2017,49,32,0,11.4,2.7,48.9,69.34,12,Dhaka,PurpleAir,Spring
5/24/2017,46.4,32.3,0,11.4,2.7,54,69.31,10,Rangpur,PurpleAir,Spring
5/25/2017,38.2,32.1,0,13.9,2.6,40.5,67.04,16,Mymensingh,IQAir,Spring
5/27/2017,55.5,29.7,2.97,8.1,2.6,66.1,74.46,3,Sylhet,PurpleAir,Spring
5/28/2017,73.5,30.2,3.6,9.2,2.6,53.7,73.03,10,Mymensingh,EPA,Spring
5/30/2017,20.6,27.6,35.4,10.3,2.5,87.3,82.86,14,Sylhet,IQAir,Spring
5/31/2017,61.4,28.9,22.48,20.8,2.6,78.3,78.18,3,Khulna,PurpleAir,Spring
6/2/2017,33.5,27.8,46.55,17.2,2.6,87.3,79.23,13,Rajshahi,PurpleAir,Summer
6/3/2017,41.1,30.3,32.02,16.1,2.6,74.6,74.95,4,Dhaka,EPA,Summer
6/4/2017,38.1,30,7.66,19.3,2.6,67.9,76.4,16,Khulna,EPA,Summer
6/6/2017,58.8,29.6,10,9.2,2.6,47,72.62,8,Dhaka,IQAir,Summer
6/7/2017,53.6,31.6,1.2,9.2,2.7,41.9,70.4,3,Rajshahi,IQAir,Summer
6/9/2017,50.9,29.5,17.2,6.9,2.6,64.5,76.79,10,Barishal,IQAir,Summer
6/10/2017,37,31,0,11.4,2.5,50.7,69.14,22,Sylhet,PurpleAir,Summer
6/12/2017,8.3,25.6,203.09,18.3,2.4,94.9,94.07,14,Rangpur,IQAir,Summer
6/13/2017,35.2,28.5,16.49,13.9,2.5,79.8,80.34,10,Khulna,IQAir,Summer
6/14/2017,37.1,28.8,0,11.4,2.5,80.1,85.04,13,Barishal,EPA,Summer
6/16/2017,20,26.9,0,13.9,2.5,87.9,87.68,13,Rangpur,PurpleAir,Summer
6/17/2017,40,28,0,17.2,2.4,68.6,80.38,1,Rangpur,IQAir,Summer
6/19/2017,44,25.8,74.81,13.9,2.3,91.9,90.73,20,Barishal,PurpleAir,Summer
6/20/2017,49.8,28,2.2,9.2,2.6,81.2,78.12,21,Barishal,IQAir,Summer
6/22/2017,36.1,29,12.99,11.4,2.7,73.5,80.4,21,Rangpur,EPA,Summer
6/23/2017,29.7,30,0,11.4,2.6,60.4,72.33,23,Khulna,EPA,Summer
6/24/2017,23.8,30.6,5,11.4,2.6,47.6,69.06,22,Chittagong,PurpleAir,Summer
6/26/2017,8.2,29.9,4.62,17.2,2.6,59.1,73.86,23,Mymensingh,PurpleAir,Summer
6/27/2017,8.3,30,4.97,13.9,2.6,61.7,73.99,5,Barishal,IQAir,Summer
6/29/2017,13,29.7,11,12.8,2.7,65.1,77.28,5,Rangpur,PurpleAir,Summer
6/30/2017,17.2,29.4,6.4,17.2,2.6,72,78.38,21,Barishal,EPA,Summer
7/2/2017,16.6,28.3,68.93,13.9,2.5,85.7,85.53,9,Chittagong,EPA,Summer
7/3/2017,33.3,27.8,66.61,11.4,2.4,91.3,88.4,8,Chittagong,EPA,Summer
7/4/2017,39.3,27.7,41.71,17.2,2.3,80.1,87.13,20,Rangpur,PurpleAir,Summer
7/6/2017,29.2,29,0,13.9,2.5,72.5,79.97,9,Rangpur,PurpleAir,Summer
7/7/2017,33.5,28.6,0,11.4,2.5,71.6,83.22,22,Sylhet,IQAir,Summer
7/9/2017,26.8,29.4,0,11.4,2.5,68.9,75.58,15,Dhaka,IQAir,Summer
7/10/2017,31.7,27.9,0,13.9,2.4,82.1,83.65,10,Barishal,EPA,Summer
7/12/2017,31.9,27.7,95.55,11.4,2.4,84.4,84.68,2,Rangpur,PurpleAir,Summer
7/13/2017,26.8,28.6,22.18,13.5,2.5,79,79.41,22,Barishal,EPA,Summer
7/14/2017,23,29.6,5.76,9.2,2.6,74.3,74.76,3,Rangpur,EPA,Summer
7/16/2017,31.4,31.3,4,9.2,2.6,59.9,67.09,13,Barishal,IQAir,Summer
7/17/2017,25.9,31,12.47,9.2,2.8,73.7,74.04,13,Khulna,PurpleAir,Summer
7/19/2017,13.6,27.5,18.44,13.9,2.1,88.9,88.31,15,Rangpur,PurpleAir,Summer
7/20/2017,22.2,26.8,99.09,11.4,2.5,94,90.02,19,Mymensingh,EPA,Summer
7/22/2017,17.3,28.8,41.4,11.4,2.6,78,79.36,20,Sylhet,PurpleAir,Summer
7/23/2017,18.9,28,32.37,11.4,2.5,85.1,82.89,9,Barishal,IQAir,Summer
7/24/2017,20.8,26.9,70.08,18.3,2.5,90.2,90.17,5,Rajshahi,PurpleAir,Summer
7/26/2017,29.9,26.7,85.63,9.2,2.4,84,90.62,20,Rangpur,EPA,Summer
7/27/2017,35.3,29.5,13.7,9.2,2.6,68.2,77.7,22,Dhaka,IQAir,Summer
7/29/2017,44.3,29,11.6,6.9,2.6,72.1,82.31,16,Rajshahi,PurpleAir,Summer
7/30/2017,60.8,28.7,18.13,13.9,2.5,71.1,80.53,17,Rajshahi,IQAir,Summer
8/1/2017,37.6,30,38,11.4,2.6,70.7,77.35,15,Chittagong,IQAir,Summer
8/2/2017,45.3,28.4,60.17,11.4,2.5,82.6,83.38,10,Sylhet,IQAir,Summer
8/3/2017,52.6,28.6,207.06,11.4,2.5,76.9,84.85,19,Rangpur,EPA,Summer
8/5/2017,22.9,29.8,1.6,12.8,2.6,70.2,77.71,17,Rajshahi,IQAir,Summer
8/6/2017,36.8,29.4,18.76,11.4,2.6,76.9,79.32,11,Rangpur,PurpleAir,Summer
8/8/2017,37.6,30.2,11.22,13.9,2.6,61.7,75.22,14,Mymensingh,PurpleAir,Summer
8/9/2017,30.2,30.3,9.39,11.4,2.6,68.5,75.61,3,Dhaka,PurpleAir,Summer
8/11/2017,33.9,27.9,43.76,16.1,2.5,93.4,89.89,3,Barishal,EPA,Summer
8/12/2017,28.2,26.9,100.66,11.4,2.1,94.7,91.9,8,Chittagong,IQAir,Summer
8/13/2017,35,28.1,25.66,9.2,2.5,86.5,83.65,12,Dhaka,PurpleAir,Summer
8/15/2017,38.2,28.3,116.52,9.2,2.5,85.5,86.92,23,Mymensingh,PurpleAir,Summer
8/16/2017,63.5,27.8,71.05,9.2,2.4,78.8,86.56,18,Chittagong,PurpleAir,Summer
8/18/2017,25.8,29.4,0,11.4,2.6,73.7,78.88,16,Barishal,IQAir,Summer
8/19/2017,21,29.8,1,11.4,2.7,70.6,72.52,3,Dhaka,PurpleAir,Summer
8/21/2017,43.9,29.5,17.8,11.4,2.6,65.8,77.05,2,Barishal,IQAir,Summer
8/22/2017,42.1,29,115.2,11.4,2.4,75.9,79.39,8,Barishal,IQAir,Summer
8/23/2017,24.1,28.2,176.24,11.4,2.6,72.4,85.09,5,Khulna,IQAir,Summer
8/25/2017,27.8,29.7,33.79,9.2,2.7,58.6,79.68,6,Dhaka,PurpleAir,Summer
8/26/2017,22.5,29.9,1,11.4,2.6,62.2,75.2,19,Sylhet,EPA,Summer
8/28/2017,22.1,29,14.56,13.9,2.6,74.7,78.5,14,Chittagong,PurpleAir,Summer
8/29/2017,27.8,29.1,40.19,11.4,2.6,61.9,77.5,21,Sylhet,EPA,Summer
8/31/2017,28.7,28.2,94.5,5.8,2.4,72.3,85.28,19,Sylhet,EPA,Summer
9/1/2017,18.5,29.2,87.12,11.4,2.6,71.1,77.99,19,Barishal,IQAir,Autumn
9/2/2017,21.9,28.8,17.52,10,2.6,80.8,81.34,12,Rangpur,EPA,Autumn
9/4/2017,29.5,30.3,12.55,11.4,2.7,61.4,74.42,3,Rajshahi,IQAir,Autumn
9/5/2017,42.8,30.5,2,9.2,2.6,72.9,73.97,7,Khulna,EPA,Autumn
9/7/2017,34.2,29.8,0,8.1,2.6,75.4,75.2,12,Sylhet,PurpleAir,Autumn
9/8/2017,21.1,30.5,0,11.4,2.6,73.1,73.36,13,Sylhet,PurpleAir,Autumn
9/10/2017,23.8,27.7,61.91,11.4,2.4,81.5,85.7,20,Khulna,EPA,Autumn
9/11/2017,55.3,26,114.61,11.4,2.2,86,89.72,4,Mymensingh,EPA,Autumn
9/12/2017,34,28.4,15.82,6.9,2.6,66.3,80.63,5,Rangpur,EPA,Autumn
9/14/2017,34.7,29.8,0,8.1,2.6,69.7,76.48,16,Sylhet,EPA,Autumn
9/15/2017,57.1,29.8,0,9.2,2.6,64.2,78.31,10,Chittagong,PurpleAir,Autumn
9/17/2017,43,29.1,8.74,17.2,2.5,69.5,80.44,11,Mymensingh,EPA,Autumn
9/18/2017,17.2,29.2,16.37,9.2,2.6,71.7,74.59,6,Barishal,IQAir,Autumn
9/20/2017,23,28,84.33,13.9,2.4,83.5,85.25,21,Chittagong,PurpleAir,Autumn
9/21/2017,27.8,28.9,7.49,11.4,2.6,62.1,79.64,5,Barishal,EPA,Autumn
9/22/2017,27.4,30.4,0,6.9,2.7,47,72.03,20,Rajshahi,EPA,Autumn
9/24/2017,50.8,31.1,0,9.2,2.6,45.2,73.75,9,Sylhet,PurpleAir,Autumn
9/25/2017,64,30.3,7,6.9,2.5,66.4,77.85,19,Khulna,EPA,Autumn
9/27/2017,80.6,29.4,5.59,13.9,2.5,68.4,82.34,1,Rangpur,IQAir,Autumn
9/28/2017,80.6,28.7,83.96,10.6,2.5,86.6,84.14,7,Rangpur,PurpleAir,Autumn
9/30/2017,36.4,27.9,39.45,9.2,2.6,75.7,85.12,22,Sylhet,PurpleAir,Autumn
10/1/2017,47.3,27.1,40.33,6.9,2.3,79.4,87.02,8,Barishal,PurpleAir,Autumn
10/2/2017,42.1,28.5,20.71,6.9,2.6,74.1,77.88,16,Sylhet,PurpleAir,Autumn
10/4/2017,45.6,30.3,0,5.8,2.6,49.9,75.06,15,Rangpur,IQAir,Autumn
10/5/2017,47.8,30.5,0,9.2,2.6,56.5,74.2,15,Dhaka,IQAir,Autumn
10/7/2017,21.2,28.4,5.8,9.2,2.5,75,80.8,3,Sylhet,EPA,Autumn
10/8/2017,13,28.1,4.74,13.9,2.6,68.5,78.51,17,Barishal,IQAir,Autumn
10/10/2017,29,29.1,20,9.2,2.7,40.5,73.15,16,Mymensingh,IQAir,Autumn
10/11/2017,43.8,30,0,11.4,2.6,39.6,70.21,21,Mymensingh,IQAir,Autumn
10/12/2017,48.8,30,0,11.4,2.6,48.3,73.31,10,Sylhet,EPA,Autumn
10/14/2017,19.3,30.3,0.4,9.2,2.8,47.9,71.07,8,Dhaka,IQAir,Autumn
10/15/2017,70.5,29.5,3,6.9,2.5,70.8,75.54,17,Barishal,IQAir,Autumn
10/17/2017,84.6,30.1,0,9.2,2.4,35.4,69.82,3,Mymensingh,PurpleAir,Autumn
10/18/2017,50.2,29.7,35.7,13.9,2.6,65,73.33,14,Khulna,EPA,Autumn
10/20/2017,14.7,24.9,107.77,16.1,1.8,92.8,93.43,9,Barishal,EPA,Autumn
10/21/2017,10.7,24.5,195.51,25.3,1.6,94.8,92.58,15,Chittagong,EPA,Autumn
10/22/2017,24.5,25,6.96,13.9,2.4,69.2,82.52,20,Rangpur,EPA,Autumn
10/24/2017,73.5,27.5,0,11.4,2.2,64.6,76.55,20,Mymensingh,EPA,Autumn
10/25/2017,96.6,26.9,0,6.9,2.2,46.8,76.33,10,Rangpur,PurpleAir,Autumn
10/27/2017,90.9,26.4,0,9.2,2.4,28.6,74.11,18,Khulna,EPA,Autumn
10/28/2017,79.8,26.1,0,6.9,2.3,27.3,72.46,1,Khulna,EPA,Autumn
10/30/2017,56.5,22.9,3.2,9.2,2.3,75.1,81.94,19,Khulna,IQAir,Autumn
10/31/2017,55.4,23.7,4,6.9,2.5,35.2,73.41,8,Rajshahi,PurpleAir,Autumn
11/1/2017,50.6,24.7,0,5.8,2.5,14.6,71.79,4,Rangpur,PurpleAir,Autumn
11/3/2017,65.3,26.5,0,8.1,2.5,1.2,66.31,3,Mymensingh,IQAir,Autumn
11/4/2017,44.5,27,0,9.2,2.5,4.6,66.93,23,Sylhet,EPA,Autumn
11/6/2017,60.4,26.9,0,6.9,2.6,0,67.84,9,Chittagong,PurpleAir,Autumn
11/7/2017,60.8,26.9,0,6.9,2.5,1.9,66.84,23,Mymensingh,IQAir,Autumn
11/9/2017,72.8,25.8,0,9.2,2.6,5.9,68.94,8,Khulna,IQAir,Autumn
11/10/2017,71.2,25.8,0,5.8,2.5,4.1,67.85,3,Rajshahi,PurpleAir,Autumn
11/11/2017,75.5,25.9,0,6.9,2.5,21.4,64.11,11,Dhaka,EPA,Autumn
11/13/2017,61,26.9,0,6.9,2.6,43.2,59.41,5,Rangpur,PurpleAir,Autumn
11/14/2017,52.2,26.3,0,5.8,2.6,50,64.21,8,Mymensingh,IQAir,Autumn
11/16/2017,28,22.6,13.65,9.2,2.4,88.6,83.83,17,Sylhet,IQAir,Autumn
11/17/2017,32,25.6,5.09,6.9,2.5,72.8,79.25,2,Khulna,PurpleAir,Autumn
11/19/2017,71,26.4,0,9.2,2.3,42.9,74.88,20,Khulna,PurpleAir,Autumn
11/20/2017,115.2,25.9,0,9.2,2.4,1.2,69.28,12,Rangpur,EPA,Autumn
11/21/2017,142.1,24.2,0,13.9,2.4,0.2,66.72,9,Dhaka,PurpleAir,Autumn
11/23/2017,177.7,22.4,0,9.2,2,7.8,66.33,1,Rajshahi,IQAir,Autumn
11/24/2017,147.1,23,0,9.2,2.1,2.7,69.77,2,Chittagong,EPA,Autumn
11/26/2017,145.8,22.4,0,6.9,2.3,0,66.01,7,Mymensingh,IQAir,Autumn
11/27/2017,127.8,23.3,0,10.3,2.3,8,67.77,14,Dhaka,IQAir,Autumn
11/29/2017,241.5,21.6,0,6.9,1.3,7.5,81.49,20,Khulna,EPA,Autumn
11/30/2017,148.7,22.2,0,6.9,1.5,5.4,73.71,23,Dhaka,PurpleAir,Autumn
12/1/2017,129.2,21.9,0,5.8,2.1,0.1,71.06,1,Mymensingh,PurpleAir,Winter
12/3/2017,105,22.8,0,5.8,2.2,2.8,64.8,18,Rajshahi,EPA,Winter
12/4/2017,116.1,22.1,0,5.8,2.1,13.4,68.8,20,Sylhet,EPA,Winter
12/6/2017,122.8,21.6,0,6.9,2.4,26.7,67.58,11,Dhaka,IQAir,Winter
12/7/2017,119.5,22.6,0,6.9,2.4,25.4,64.83,7,Khulna,PurpleAir,Winter
12/9/2017,42.1,21.7,13.62,11.4,2.1,90.1,85.77,15,Mymensingh,IQAir,Winter
12/10/2017,14.2,22.2,71.28,10.3,2.4,92.5,89.33,13,Chittagong,PurpleAir,Winter
12/11/2017,35.1,23.1,9.05,9.2,2.3,79.2,87.76,8,Sylhet,PurpleAir,Winter
12/13/2017,208.3,23.6,0,5.8,1.6,15.7,79.63,20,Khulna,IQAir,Winter
12/14/2017,203.1,22.9,0,11.4,1.7,16.7,75.31,5,Barishal,PurpleAir,Winter
12/16/2017,149,20.1,0,5.8,2.1,0,68.09,2,Chittagong,EPA,Winter
12/17/2017,187.6,20.2,0,5.8,1.1,27.2,83.27,23,Chittagong,EPA,Winter
12/19/2017,133.5,19,0,8.1,1,65.1,87.63,19,Barishal,EPA,Winter
12/20/2017,154.4,19.5,0,5.2,0.6,52.3,87.45,1,Dhaka,PurpleAir,Winter
12/21/2017,154,19.7,0,6.9,1.3,31.2,78.78,22,Khulna,EPA,Winter
12/23/2017,157,21.4,0,5.8,1.7,23.9,74.65,14,Sylhet,EPA,Winter
12/24/2017,182.6,21.5,0,5.8,1.6,23.5,75.89,5,Sylhet,PurpleAir,Winter
12/26/2017,162.1,21.4,0,10.3,1.6,0,75.9,11,Mymensingh,IQAir,Winter
12/27/2017,176.5,21.2,0,9.2,1.6,0,77.23,11,Sylhet,IQAir,Winter
12/29/2017,164.6,20.5,0,6.9,1.2,30,79.9,5,Rangpur,IQAir,Winter
12/30/2017,125,21.6,0,8.1,1.8,15.6,72.93,15,Rajshahi,EPA,Winter
12/31/2017,143.3,21.2,0,5.8,2.2,6.8,66.33,22,Mymensingh,EPA,Winter
1/2/2018,169,21.1,0,8.1,1.5,49.3,73.47,9,Barishal,EPA,Winter
1/3/2018,146.2,19.2,0,11.4,1.6,18.4,69.74,14,Rangpur,EPA,Winter
1/8/2018,204.8,12.8,0,11.4,1.3,1.2,76.88,21,Khulna,IQAir,Winter
1/9/2018,195.8,15.3,0,8.1,1.4,4.2,74.27,7,Rajshahi,PurpleAir,Winter
1/11/2018,257,14.1,0,9.2,0.6,24.3,85.93,20,Mymensingh,EPA,Winter
1/12/2018,248.7,15,0,6.9,0.7,22.8,82.17,9,Rajshahi,IQAir,Winter
1/13/2018,253.6,15.7,0,6.9,0.7,39.5,85.72,21,Chittagong,EPA,Winter
1/15/2018,217.9,15.3,0,5.8,0.7,31,83.4,19,Mymensingh,PurpleAir,Winter
1/16/2018,207.6,17.6,0,8.1,1.3,20,74.67,16,Sylhet,PurpleAir,Winter
1/18/2018,160.6,19.8,0,6.9,1.4,27.6,74.78,11,Khulna,PurpleAir,Winter
1/19/2018,156.4,19.7,0,9.2,2,0,69.09,12,Rajshahi,IQAir,Winter
1/21/2018,212,18.3,0,9.2,1.3,6.3,73.9,8,Rajshahi,EPA,Winter
1/22/2018,220.5,18.3,0,6.9,1.1,32.7,77.98,13,Rangpur,IQAir,Winter
1/23/2018,200.2,20.3,0,8.1,1.4,22.3,75.93,22,Barishal,EPA,Winter
1/25/2018,194.1,19.9,0,6.9,2,5,66.42,19,Barishal,PurpleAir,Winter
1/26/2018,126.6,19.8,0,9.2,2.3,0,61.85,20,Khulna,PurpleAir,Winter
1/28/2018,176.7,17.9,0,9.2,1.8,0,66.97,9,Rangpur,IQAir,Winter
1/29/2018,234,18,0,10.3,1.7,0,67.26,15,Rajshahi,IQAir,Winter
1/31/2018,207.9,19.2,0,9.2,1.4,7,72.5,5,Dhaka,PurpleAir,Winter
2/1/2018,194.6,19.9,0,5.8,1.8,0,65.69,1,Chittagong,PurpleAir,Winter
2/2/2018,285.7,20.2,0,6.9,1.3,17.7,75.85,14,Chittagong,PurpleAir,Winter
2/4/2018,216.1,21.2,0,8.1,1.5,9.8,72.69,12,Dhaka,PurpleAir,Winter
2/5/2018,133.5,23.2,0,6.9,1.6,29.4,75.83,7,Chittagong,EPA,Winter
2/7/2018,281,21.7,0,10.3,1.7,22,69.71,10,Barishal,PurpleAir,Winter
2/8/2018,109.8,22.5,0,9.2,2.4,56.5,57.45,2,Khulna,EPA,Winter
2/10/2018,114,23.6,2,10.3,2,39.8,63.81,23,Mymensingh,IQAir,Winter
2/11/2018,109,23,0,10.3,2.4,34,49.22,10,Rangpur,EPA,Winter
2/12/2018,145.7,22.9,0,9.2,2.2,12.7,55.98,21,Rajshahi,IQAir,Winter
2/14/2018,107.5,23,0,8.1,2.4,34,56.64,17,Rajshahi,PurpleAir,Winter
2/15/2018,123.3,22.6,0,9.2,2.2,0,58.68,10,Sylhet,EPA,Winter
2/17/2018,157.1,22.3,0,8.1,2,0,65.38,15,Khulna,IQAir,Winter
2/18/2018,210.8,22.5,0,6.9,2,2.9,64.22,7,Dhaka,PurpleAir,Winter
2/20/2018,205.4,24.8,0,8.1,2,21.1,59.28,4,Khulna,EPA,Winter
2/21/2018,172.6,25.4,0,8.1,2,17.1,61.1,14,Chittagong,PurpleAir,Winter
2/22/2018,166,25.8,0,6.9,2,18.8,62.79,21,Barishal,PurpleAir,Winter
2/24/2018,115.1,26.3,0,5.8,2.2,0.1,68.19,12,Khulna,PurpleAir,Winter
2/25/2018,147.2,26.8,0,8.1,2,5.6,63.15,5,Dhaka,IQAir,Winter
2/27/2018,107.9,25.1,14,8.1,2.2,39.5,74.54,19,Khulna,IQAir,Winter
2/28/2018,100.4,26.2,0,8.1,2.4,30.1,64.19,5,Chittagong,EPA,Winter
3/2/2018,163.5,27,0,6.9,2,12.5,62.18,23,Rajshahi,PurpleAir,Spring
3/3/2018,84,27.7,0,11.4,2.4,8.2,58.58,14,Dhaka,IQAir,Spring
3/4/2018,85,28.5,0,13.9,2.3,5.7,61.61,7,Sylhet,PurpleAir,Spring
3/6/2018,110.1,28.1,0,8.1,2.5,26.3,46.4,8,Chittagong,PurpleAir,Spring
3/7/2018,105,27.2,0,9.2,2.5,5.8,46.85,23,Chittagong,PurpleAir,Spring
3/9/2018,128.8,25.8,0,11.4,2.4,11.3,55.67,1,Khulna,EPA,Spring
3/10/2018,156,25.7,0,12.8,2.3,3.8,57.64,23,Dhaka,IQAir,Spring
3/12/2018,143.8,27,0,9.2,2.4,17.7,58.17,8,Barishal,IQAir,Spring
3/13/2018,64,27.4,0,11.4,2.5,33.2,62.79,10,Rajshahi,PurpleAir,Spring
3/14/2018,123.2,26.6,0,8.1,2.4,23.4,68.53,8,Rangpur,IQAir,Spring
3/16/2018,64.2,28.1,1,10.3,2.5,71.3,66.85,11,Barishal,EPA,Spring
3/17/2018,89.6,28.3,0.6,9.2,2.5,35.3,56.56,1,Rangpur,EPA,Spring
3/19/2018,136,27.9,0,11.4,2.2,11.4,62.09,20,Rajshahi,EPA,Spring
3/20/2018,109,27.8,0,10.3,2.4,2.9,55.6,21,Rajshahi,EPA,Spring
3/22/2018,155,28,0,10.3,2.4,13,57.36,17,Rajshahi,IQAir,Spring
3/23/2018,126.8,28.8,0,10.3,2.4,18,61.88,22,Mymensingh,IQAir,Spring
3/24/2018,79.5,29.2,0,9.2,2.7,48.8,67.98,2,Dhaka,PurpleAir,Spring
3/26/2018,94.1,27.4,15.6,16.1,2.5,68.5,70.43,1,Mymensingh,IQAir,Spring
3/27/2018,88,27,4,9.2,2.5,41,71.05,19,Barishal,PurpleAir,Spring
3/29/2018,68,29.2,2.5,11.4,2.5,69.5,69.43,14,Mymensingh,IQAir,Spring
3/30/2018,55.5,26.2,0.19,18.3,2.5,62.6,72.18,15,Sylhet,EPA,Spring
4/1/2018,87.4,27.7,0,6.9,2.7,34.1,58.35,2,Dhaka,IQAir,Spring
4/2/2018,81,26,0,17.2,2.5,61,65.63,15,Khulna,PurpleAir,Spring
4/3/2018,127.4,28.6,0,8.1,2.4,44.5,64.17,12,Dhaka,EPA,Spring
4/5/2018,138.3,27.8,9,13.9,2.4,44.6,67.85,3,Chittagong,PurpleAir,Spring
4/6/2018,56.9,26,4.1,13.9,2.5,80.2,72.57,19,Dhaka,EPA,Spring
4/8/2018,70,25.8,19.07,12.8,2.4,77.2,74.98,1,Dhaka,IQAir,Spring
4/9/2018,86.7,28.1,0,12.8,2.4,52.2,68.28,7,Sylhet,PurpleAir,Spring
4/11/2018,84.8,28.2,0,10.3,2.5,60.2,67.16,8,Mymensingh,PurpleAir,Spring
4/12/2018,51.6,27.1,17.62,23,2.5,41.7,66.92,3,Khulna,IQAir,Spring
4/13/2018,57.7,28.2,13.47,16.1,2.6,45.6,68.94,18,Chittagong,PurpleAir,Spring
4/15/2018,71.1,28.1,11.81,9.2,2.6,31.7,64.43,23,Khulna,IQAir,Spring
4/16/2018,71.9,29.4,0,13.9,2.7,35.1,65.85,16,Chittagong,PurpleAir,Spring
4/18/2018,81.4,27.6,41.52,14.7,2.5,61.1,71.72,18,Rangpur,EPA,Spring
4/19/2018,37.1,26.9,49.58,18.3,2.6,80.5,74.49,22,Dhaka,EPA,Spring
4/21/2018,64.9,26.7,22.25,17.2,2.5,86.8,80.94,23,Dhaka,PurpleAir,Spring
4/22/2018,70.3,28.1,11.81,16.1,2.3,87.6,79.6,17,Rangpur,EPA,Spring
4/23/2018,49,28.9,5.7,8.1,2.5,63.5,74.08,5,Barishal,EPA,Spring
4/26/2018,49,26.4,36.04,13.9,2.4,76.8,67.11,5,Mymensingh,EPA,Spring
4/27/2018,55.2,26.5,63.55,18.3,2.7,42.4,69.35,23,Mymensingh,EPA,Spring
4/29/2018,37,23.9,87.98,16.1,2.3,84,83.3,20,Mymensingh,PurpleAir,Spring
4/30/2018,31.8,23.2,83.8,13.9,2.3,82.1,83.72,15,Barishal,IQAir,Spring
5/2/2018,38.4,25.7,23.85,17.2,2.4,74,81.74,19,Sylhet,IQAir,Spring
5/3/2018,50,26,5.4,10.3,2.5,71.5,77.02,8,Khulna,IQAir,Spring
5/4/2018,57.3,25.6,80.6,13.9,2.3,75.4,80.32,4,Chittagong,EPA,Spring
5/6/2018,34.8,28.4,21.6,17.2,2.5,83.8,76.69,21,Rangpur,EPA,Spring
5/7/2018,35.8,27.2,4.61,32.2,2.6,93,81.26,20,Chittagong,EPA,Spring
5/9/2018,38,28.3,16,17.2,2.5,89,82.49,4,Mymensingh,EPA,Spring
5/10/2018,27.5,25.5,25.74,11.4,2.5,88.2,83.13,2,Chittagong,PurpleAir,Spring
5/12/2018,47.2,27.1,15.41,9.2,2.6,35.7,70.07,22,Mymensingh,IQAir,Spring
5/13/2018,72.8,26.8,44.13,20.8,2.4,71.6,79.65,10,Chittagong,IQAir,Spring
5/14/2018,47.2,27.7,14,11.4,2.6,75.7,71.57,1,Barishal,PurpleAir,Spring
5/16/2018,60.5,24.3,45.51,17.2,2.3,91.2,81.32,16,Dhaka,IQAir,Spring
5/17/2018,54.3,26.8,6.9,9.2,2.5,85.1,77.63,7,Rangpur,IQAir,Spring
5/19/2018,39.6,27.3,0,11.4,2.4,72.3,77.55,17,Rajshahi,IQAir,Spring
5/20/2018,44.7,26.7,0,12.8,2.3,77.6,81.7,11,Rajshahi,IQAir,Spring
5/22/2018,54.6,27.1,0,11.4,2.4,90.4,85.29,3,Rajshahi,IQAir,Spring
5/23/2018,39.3,26.5,63.95,13.9,2.4,88.9,86.09,19,Rajshahi,EPA,Spring
5/24/2018,44.5,28.4,8.41,12.8,2.6,87.7,80.84,18,Chittagong,EPA,Spring
5/26/2018,35.7,29.8,42.5,15,2.6,76.2,76.84,4,Sylhet,IQAir,Spring
5/27/2018,20.8,31.4,0,11.4,2.6,42.4,72.33,13,Rajshahi,PurpleAir,Spring
5/29/2018,31.3,29.7,0.6,23,2.6,49.6,63.1,22,Rangpur,PurpleAir,Spring
5/30/2018,60.1,30.7,22.27,11.4,2.6,58.8,65.47,22,Barishal,PurpleAir,Spring
6/1/2018,32.3,26.7,47.2,26.4,2.5,92.9,85.25,20,Dhaka,EPA,Summer
6/2/2018,43.8,28.1,7.02,11.4,2.5,88.8,82.17,8,Chittagong,PurpleAir,Summer
6/3/2018,57.8,27.9,45.54,18.3,2.5,85.4,83.52,1,Barishal,IQAir,Summer
6/5/2018,38.3,29.8,13.42,11.4,2.5,66.2,75.68,7,Rangpur,EPA,Summer
6/6/2018,34.1,30.4,7.45,8.1,2.5,64.4,77.22,17,Barishal,PurpleAir,Summer
6/8/2018,19.6,29.8,25.08,8.1,2.3,76,79.64,5,Khulna,IQAir,Summer
6/9/2018,39.8,30.8,3,10.3,2.6,82.7,74.5,5,Rangpur,EPA,Summer
6/11/2018,19.8,28.6,31.05,9.2,2.6,86.2,80.89,5,Mymensingh,PurpleAir,Summer
6/12/2018,32.8,28.5,71.97,11.4,2.3,94.5,86.49,19,Barishal,EPA,Summer
6/13/2018,33.9,28.5,6.4,24.4,2.5,87.3,79.93,18,Rajshahi,IQAir,Summer
6/15/2018,50,30.2,0.2,17.2,2.5,91.2,82.31,16,Mymensingh,PurpleAir,Summer
6/16/2018,24.8,27.6,119.08,23,2.5,92.6,82.78,4,Chittagong,IQAir,Summer
6/18/2018,42.2,30.3,26.13,16.1,2.7,78.3,74.72,2,Sylhet,PurpleAir,Summer
6/19/2018,37.6,27.4,41.07,20.8,2.3,84.5,85.39,1,Chittagong,EPA,Summer
6/21/2018,49.8,30.8,16.4,12.8,2.7,69.5,77.78,8,Dhaka,EPA,Summer
6/22/2018,27.9,30.6,14,12.8,2.6,67.9,75.16,5,Sylhet,EPA,Summer
6/23/2018,37.6,28.4,100.31,9.2,2.3,86.1,82.14,4,Dhaka,PurpleAir,Summer
6/29/2018,35.3,29.9,2,16.1,2.5,68,75.66,21,Khulna,IQAir,Summer
7/2/2018,25.8,29.4,39.46,11.4,2.5,90.1,78.71,19,Mymensingh,PurpleAir,Summer
7/7/2018,32.5,30.4,0,11.4,2.7,71.7,72.69,9,Mymensingh,IQAir,Summer
7/9/2018,25.3,29.1,15.86,16.1,2.6,82.6,79.4,11,Sylhet,PurpleAir,Summer
7/14/2018,19.6,30.9,1,11.4,2.6,76.7,70.76,13,Rajshahi,PurpleAir,Summer
7/15/2018,14.5,30.4,12.2,15,2.5,88.5,75.23,7,Rajshahi,EPA,Summer
7/18/2018,26.6,30.6,2.44,13.9,2.6,79.9,76.24,22,Khulna,IQAir,Summer
7/20/2018,49.7,31.1,20.62,20.8,2.5,86.8,77.64,2,Sylhet,EPA,Summer
8/7/2018,26.9,29.8,15.05,17.2,2.5,79.6,73.24,1,Khulna,PurpleAir,Summer
8/14/2018,25.6,31.1,5.97,11.4,2.5,89.3,73.39,12,Rajshahi,PurpleAir,Summer
8/16/2018,26.2,30.8,14.4,15,2.6,77.7,72.19,21,Sylhet,PurpleAir,Summer
11/1/2018,38.5,27.8,0,9.2,2.5,21.7,67.13,2,Khulna,EPA,Autumn
11/2/2018,106.9,27.8,0,6.9,2.5,57.1,70.68,19,Mymensingh,EPA,Autumn
11/3/2018,83,27.8,0,6.9,2.5,47.3,72.65,23,Rangpur,EPA,Autumn
11/5/2018,63,26.7,0,11.4,2.4,47.2,74.5,17,Rangpur,IQAir,Autumn
11/6/2018,90.7,26.3,0,8.1,2.4,64.3,75.81,15,Dhaka,IQAir,Autumn
11/8/2018,109.1,25.4,0,10.3,2.4,17,67.09,21,Rangpur,EPA,Autumn
11/9/2018,147.5,24,0,5.8,2.3,3.8,69.37,12,Sylhet,PurpleAir,Autumn
11/11/2018,161,24.2,0,9.2,2.2,12.5,68.99,15,Dhaka,PurpleAir,Autumn
11/12/2018,151.7,24.6,0,6.9,2.1,32.9,69.54,17,Rangpur,EPA,Autumn
11/13/2018,113.6,24.6,0,5.8,2.3,23,68.74,21,Rangpur,IQAir,Autumn
11/15/2018,247.3,24.7,0,5.8,1.7,13.2,72.68,14,Rajshahi,PurpleAir,Autumn
11/16/2018,177.3,25.7,0,6.9,1.9,4.6,67.64,20,Chittagong,IQAir,Autumn
11/18/2018,143.7,24,0,6.9,2.4,0.1,62.1,16,Khulna,EPA,Autumn
11/19/2018,137.2,23.4,0,5.8,2.2,7.7,67.85,17,Khulna,IQAir,Autumn
11/21/2018,120.5,23.9,0,8.1,2.2,6.6,68.73,9,Rajshahi,IQAir,Autumn
11/22/2018,128.3,23.5,0,9.2,2.1,3.6,70.21,22,Rajshahi,PurpleAir,Autumn
11/23/2018,146.9,23.4,0,6.9,2.1,7.5,69.71,20,Rajshahi,EPA,Autumn
11/25/2018,89,23.4,0,8.1,2.3,1,67.3,20,Khulna,PurpleAir,Autumn
11/26/2018,136.4,23.7,0,11.4,2.3,13.4,65.2,7,Mymensingh,IQAir,Autumn
11/28/2018,80.8,24.8,0,7.4,2.4,4.2,58.64,10,Dhaka,PurpleAir,Autumn
11/29/2018,129.7,23.7,0,8.5,2.4,6.5,62.3,5,Mymensingh,PurpleAir,Autumn
12/1/2018,122.1,23.2,0,6.9,2.2,48,64.19,6,Barishal,EPA,Winter
12/2/2018,105.6,22.5,0,11.4,2.1,26.3,66.8,21,Barishal,PurpleAir,Winter
12/3/2018,125,22.5,0,9.2,2.3,17.9,64.56,1,Barishal,PurpleAir,Winter
12/5/2018,128.7,22.2,0,8.1,2.3,23,64.63,3,Barishal,PurpleAir,Winter
12/6/2018,178,22.3,0,6.9,2,35.1,68.87,2,Mymensingh,IQAir,Winter
12/8/2018,192.8,21.5,0,10.3,2.1,20.4,66.18,16,Mymensingh,PurpleAir,Winter
12/9/2018,149.6,21.8,0,8.1,2.1,10.5,69.87,8,Rajshahi,EPA,Winter
12/11/2018,166.6,21.4,0,5.8,2.1,12,65.62,15,Khulna,IQAir,Winter
12/12/2018,220.3,21.7,0,8.1,2,7.4,66.11,16,Sylhet,EPA,Winter
12/13/2018,190.6,22.2,0,8.1,1.7,5.8,69.28,17,Rajshahi,IQAir,Winter
12/15/2018,155.4,21.8,0,9.2,2.2,35.4,66.07,17,Rajshahi,IQAir,Winter
12/16/2018,147.9,22.6,0,10.3,2.3,82.3,66.7,19,Dhaka,PurpleAir,Winter
12/18/2018,53.2,18.8,0,11.4,2.2,95.1,87.32,6,Barishal,IQAir,Winter
12/19/2018,54.8,17.8,0,9.2,2.4,77.6,83.39,21,Mymensingh,PurpleAir,Winter
12/21/2018,130.3,18.8,0,9.2,1.6,31.9,78.6,9,Dhaka,EPA,Winter
12/22/2018,165.5,19.8,0,10.3,1.7,32.7,72.44,18,Rajshahi,EPA,Winter
12/23/2018,180.8,20,0,6.9,1.8,16.2,72.52,2,Khulna,IQAir,Winter
12/25/2018,193.8,19.9,0,8.1,1.9,6.3,68.98,3,Khulna,EPA,Winter
12/26/2018,198.3,19,0,6.9,1.7,0,68.63,7,Sylhet,EPA,Winter
12/28/2018,153.1,17.9,0,9.2,1.9,0,62.98,19,Barishal,EPA,Winter
12/29/2018,144.4,17,0,8.1,2.3,0,64.77,16,Sylhet,PurpleAir,Winter
12/31/2018,128,19.6,0,8.1,2,0,63.85,3,Dhaka,IQAir,Winter
1/1/2019,130.7,20.6,0,5.8,2.1,1.1,62.01,14,Barishal,IQAir,Winter
1/2/2019,150.5,20.6,0,6.9,2.2,0,62.95,3,Mymensingh,IQAir,Winter
1/4/2019,257.9,18.3,0,9.2,1.9,0,62.75,17,Mymensingh,EPA,Winter
1/5/2019,183,18.5,0,6.9,1.9,0,66.37,15,Rangpur,PurpleAir,Winter
1/7/2019,182.8,20.9,0,5.8,2,2.3,63.47,8,Chittagong,EPA,Winter
1/8/2019,164.8,20,0,11.4,2,4.2,66.77,5,Chittagong,PurpleAir,Winter
1/10/2019,180.8,19.2,0,6.9,2.1,0,63.31,18,Dhaka,IQAir,Winter
1/11/2019,199.5,19.2,0,8.1,1.8,0,63.09,3,Rangpur,IQAir,Winter
1/12/2019,206.8,19.7,0,5.8,2,2.3,65.27,23,Mymensingh,IQAir,Winter
1/14/2019,162.7,20.3,0,9.2,2.2,1,62.23,21,Khulna,EPA,Winter
1/15/2019,186.8,19.8,0,11.4,2.1,0,63.06,17,Khulna,IQAir,Winter
1/17/2019,190.1,20,0,9.2,2,0,61.37,1,Khulna,IQAir,Winter
1/18/2019,257.4,20.1,0,9.2,1.8,2.1,67.77,11,Barishal,EPA,Winter
1/20/2019,267,20.6,0,9.2,1.5,0,67.75,21,Barishal,PurpleAir,Winter
1/21/2019,211.6,20.4,0,6.9,1.9,0,64.33,17,Khulna,EPA,Winter
1/22/2019,198.6,21,0,5.8,2,2.4,60.28,10,Mymensingh,EPA,Winter
1/24/2019,231.1,21.8,0,10.3,2.1,0,60.58,21,Chittagong,EPA,Winter
1/25/2019,159.8,22.7,0,9.2,2.3,0,52.99,2,Barishal,EPA,Winter
1/27/2019,135.9,23.3,0,9.2,2.4,42.7,56.47,10,Barishal,IQAir,Winter
1/28/2019,126.3,22.6,0,11.4,2.5,54,58.83,7,Mymensingh,EPA,Winter
1/30/2019,131,19.3,0,11.4,2.5,0,57.43,5,Rajshahi,IQAir,Winter
1/31/2019,170.2,19.2,0,5.8,2,0,65.63,3,Chittagong,EPA,Winter
2/1/2019,245.5,21,0,9.2,2,8.7,60.89,22,Sylhet,PurpleAir,Winter
2/3/2019,320.8,22.3,0,9.2,2.1,0,57.12,17,Chittagong,PurpleAir,Winter
2/4/2019,231.8,22.1,0,9.2,2,0,58.58,17,Mymensingh,EPA,Winter
2/6/2019,217.5,21.1,0,9.2,2.2,0,57.38,14,Rangpur,IQAir,Winter
2/7/2019,240.2,21.8,0,5.8,1.9,2.3,61.66,13,Dhaka,PurpleAir,Winter
2/9/2019,75,22,0,11.4,2.5,65.4,64.61,9,Rangpur,IQAir,Winter
2/10/2019,205.5,21.2,0,11.4,2.5,19.2,61.01,17,Barishal,IQAir,Winter
2/11/2019,112.3,21,0,11.4,2.2,4.2,60.73,3,Khulna,EPA,Winter
2/13/2019,147.2,22.6,0,11.4,2.2,0,60.63,1,Chittagong,EPA,Winter
2/14/2019,170.8,23,0,9.2,2.1,0,62.35,2,Barishal,EPA,Winter
2/16/2019,261,22.8,0,11.4,2.3,37.9,58.01,12,Barishal,EPA,Winter
2/17/2019,156.9,20.5,0,8.1,2.3,37.9,73.88,7,Dhaka,PurpleAir,Winter
2/19/2019,214,23.3,0,10.3,2.1,0,56.23,7,Rajshahi,EPA,Winter
2/20/2019,126.7,24.1,0,11.4,1.9,29.5,69.82,12,Dhaka,IQAir,Winter
2/21/2019,205,23.9,0,8.1,2,2.3,60.25,4,Chittagong,IQAir,Winter
2/23/2019,144.6,26.1,0,11.4,2,19.1,65.98,3,Khulna,PurpleAir,Winter
2/24/2019,129.8,25.3,0,9.2,2.1,10.9,57.74,15,Rangpur,PurpleAir,Winter
2/26/2019,82.4,20.8,0,11.4,2.3,83.3,79.22,12,Mymensingh,EPA,Winter
2/27/2019,50.9,20.3,0,20.8,2.1,85.8,82.46,23,Sylhet,PurpleAir,Winter
3/1/2019,106,21.8,0,8.1,2.2,8.2,63.32,18,Sylhet,EPA,Spring
3/2/2019,87.9,21.5,0,11.4,2.4,0,51.35,23,Dhaka,IQAir,Spring
3/3/2019,135.2,22.3,0,11.4,2.5,8.7,54.58,21,Khulna,PurpleAir,Spring
3/5/2019,112.5,21.8,0,11.4,1.8,78,79.16,13,Dhaka,EPA,Spring
3/6/2019,111.8,23.7,0,8.1,2,63.8,72.78,12,Rajshahi,PurpleAir,Spring
3/8/2019,108.5,24.5,0,16.1,2.5,19.1,54.91,2,Barishal,IQAir,Spring
3/9/2019,177.6,23.5,0,34.4,2.3,0,59.98,6,Khulna,IQAir,Spring
3/11/2019,120.7,26.1,0,6.9,2,53.7,77.38,1,Barishal,IQAir,Spring
3/12/2019,83.4,27.5,0,10.3,2,49.6,66.69,10,Chittagong,PurpleAir,Spring
3/13/2019,106.4,27.9,0,8.1,2.2,44.3,69.41,13,Rangpur,IQAir,Spring
3/15/2019,135.9,28.2,0,11.4,2.3,49.8,56.5,12,Mymensingh,PurpleAir,Spring
3/16/2019,87.2,29.1,0,9.2,2.5,34.3,51.61,12,Mymensingh,EPA,Spring
3/18/2019,80.3,25.9,0,13.9,2.3,61.7,66.7,9,Sylhet,IQAir,Spring
3/19/2019,92.7,25.5,0,9.2,2.4,51.3,68.52,17,Mymensingh,EPA,Spring
3/21/2019,81.2,28.1,0,11.4,2.5,19.6,62.09,16,Sylhet,PurpleAir,Spring
3/22/2019,153.3,28.4,0,13.9,2.4,41.8,64.96,13,Dhaka,EPA,Spring
3/23/2019,94.2,28.3,0,11.4,2.4,16.7,55.2,12,Khulna,EPA,Spring
3/25/2019,146.2,28.2,0,9.2,2.4,0,54.75,16,Mymensingh,EPA,Spring
3/26/2019,194.5,28,0,21.9,2.3,19.8,59.61,17,Rangpur,PurpleAir,Spring
3/28/2019,94.2,26.9,0,10.3,2.5,16.7,60.08,13,Sylhet,EPA,Spring
3/29/2019,168.1,28.3,0,9.2,2.3,11.8,62.82,22,Khulna,PurpleAir,Spring
3/31/2019,50.7,27.8,0,24.2,2.3,71,71.3,14,Dhaka,EPA,Spring
4/1/2019,47,24.9,0,18.3,2.4,61.8,71.28,21,Dhaka,EPA,Spring
4/2/2019,63.9,25.5,0,17.2,2.3,74.5,80.55,13,Mymensingh,PurpleAir,Spring
4/4/2019,133.7,27.8,0,11.4,2.2,52.6,70.15,1,Rajshahi,IQAir,Spring
4/5/2019,77.1,27.5,0,11.4,2.3,63.8,78.15,1,Rangpur,EPA,Spring
4/7/2019,67,25.4,0,11.4,2.3,65.3,68.49,1,Khulna,IQAir,Spring
4/8/2019,77.5,25.4,0,34.4,2.1,61.8,76.95,20,Chittagong,EPA,Spring
4/10/2019,46.1,23.7,0,9.2,2.5,60.7,77.43,12,Khulna,PurpleAir,Spring
4/11/2019,108.7,27.3,0,18.3,2.1,65.3,77.56,4,Rajshahi,IQAir,Spring
4/12/2019,69.9,27.4,0,11.4,2.5,66.9,75.46,21,Chittagong,IQAir,Spring
4/14/2019,89.4,28,0,6.9,2.4,38.6,66.51,13,Sylhet,EPA,Spring
4/15/2019,46.7,29.7,0,11.4,2.4,44.3,70.69,16,Rajshahi,IQAir,Spring
4/17/2019,58.5,29.8,0,21.9,2.4,43,68.78,15,Sylhet,IQAir,Spring
4/18/2019,80.2,29,0,11.4,2.3,16.9,63.08,2,Khulna,IQAir,Spring
4/20/2019,83.4,30.2,0,10.3,2.3,16.9,60.3,2,Chittagong,EPA,Spring
4/21/2019,74.2,29,0,25.3,2.4,26.2,60.33,1,Chittagong,PurpleAir,Spring
4/22/2019,55.9,28.6,0,9.2,2.5,44.6,57.46,18,Sylhet,IQAir,Spring
4/24/2019,135,30.8,0,5.8,2.4,23.1,57.72,15,Barishal,IQAir,Spring
4/25/2019,89.2,32.3,0,9.2,2.4,6.9,58.76,12,Rajshahi,EPA,Spring
4/27/2019,64,30.7,0,18.3,2.5,61.6,69.57,13,Mymensingh,EPA,Spring
4/28/2019,55.9,31.6,0,16.1,2.5,59.2,70.15,13,Rajshahi,PurpleAir,Spring
4/30/2019,28.4,31.8,0,16.1,2.5,64.2,66.58,21,Rangpur,PurpleAir,Spring
5/1/2019,118.8,31.7,0,17.2,2.5,43.1,60.97,18,Sylhet,EPA,Spring
5/2/2019,128.7,31.5,0,13.9,2.5,61,63.68,7,Chittagong,PurpleAir,Spring
5/5/2019,44.2,29.2,0,13.9,2.5,39.2,68.15,17,Khulna,IQAir,Spring
5/6/2019,52.1,30.6,0,13.9,2.5,42.7,67.12,10,Chittagong,IQAir,Spring
5/8/2019,59.7,31,0,13.9,2.5,57.8,68.68,19,Dhaka,EPA,Spring
5/9/2019,56.3,31.1,0,17.2,2.5,57.3,72.1,16,Sylhet,IQAir,Spring
5/11/2019,50.3,31.7,0,17.2,2.5,60.2,68.85,20,Dhaka,EPA,Spring
5/12/2019,45.8,31.3,0,13.9,2.5,48.5,66.95,4,Rangpur,EPA,Spring
5/13/2019,60.3,30.4,0,19.7,2.5,72.7,70,5,Rajshahi,IQAir,Spring
5/15/2019,52.4,30.7,0,11.4,2.5,50.1,68.69,10,Barishal,IQAir,Spring
5/16/2019,45,30.2,0,16.1,2.5,49,68.14,15,Rangpur,PurpleAir,Spring
5/18/2019,66,28.8,0,13.9,2.5,59.8,74.81,1,Sylhet,EPA,Spring
5/19/2019,65,29,0,20.8,2.5,59.9,76.52,22,Barishal,EPA,Spring
5/21/2019,79.9,31,0,13.9,2.5,43.5,62.67,17,Rajshahi,IQAir,Spring
5/22/2019,43.2,30.6,3,23,2.6,47.1,70.23,15,Rangpur,EPA,Spring
5/23/2019,37.3,28.1,34.33,11.4,2.4,70.2,75,3,Khulna,EPA,Spring
5/26/2019,44.9,30.4,3,10.3,2.6,46,71.31,21,Rangpur,PurpleAir,Spring
5/27/2019,40.1,31,9.6,16.1,2.6,64.8,75.36,1,Sylhet,EPA,Spring
5/29/2019,54.7,31.6,0,13.9,2.7,47.2,69.35,18,Rangpur,EPA,Spring
5/30/2019,38.7,31.9,0,12.8,2.6,53,68.15,1,Dhaka,EPA,Spring
6/1/2019,38.2,28.4,103.37,11.2,2.5,60.8,75.72,22,Barishal,PurpleAir,Summer
6/2/2019,41,27.4,17.48,21.9,2.4,79.5,80.44,17,Barishal,PurpleAir,Summer
6/3/2019,28.3,27.8,24.77,13.9,2.5,77.8,81.13,13,Chittagong,EPA,Summer
6/5/2019,9.6,26.2,71.77,11.4,2.3,87.7,88.66,18,Dhaka,EPA,Summer
6/7/2019,12.8,29,1,15,2.7,53.4,79.22,14,Chittagong,IQAir,Summer
6/10/2019,30.5,30.6,19.65,10.3,2.6,59,72.64,3,Chittagong,IQAir,Summer
6/11/2019,33.6,31.2,0,6.9,2.5,35.1,70.34,8,Mymensingh,IQAir,Summer
6/13/2019,42.3,31.8,0,9.2,2.5,66.1,74.72,12,Khulna,EPA,Summer
6/14/2019,35.3,30.6,0,10.3,2.6,77.1,78.92,12,Chittagong,PurpleAir,Summer
6/15/2019,43.8,27.6,30.36,9.2,2.6,77.6,83.1,1,Rangpur,PurpleAir,Summer
6/17/2019,32.7,30.6,0,13.4,2.6,68,76.95,21,Mymensingh,PurpleAir,Summer
6/18/2019,50.8,30.2,76.3,11.4,2.5,67.1,73.94,5,Chittagong,IQAir,Summer
6/21/2019,33.2,30.3,2.55,23,2.6,74.8,78.95,6,Khulna,IQAir,Summer
6/22/2019,25.8,30,25.7,11.4,2.5,60.2,77.63,17,Barishal,PurpleAir,Summer
6/24/2019,19.7,32.3,0.4,11.4,2.7,39.5,67.09,5,Mymensingh,IQAir,Summer
6/26/2019,16,31.7,0,15,2.6,72,73.1,6,Khulna,IQAir,Summer
6/28/2019,25.3,28.6,12.25,17.2,2.5,77.4,84.27,15,Rajshahi,EPA,Summer
6/30/2019,38.3,30.3,25.76,9.2,2.6,73.7,80.01,6,Rajshahi,EPA,Summer
7/1/2019,24.8,30.2,8.23,18.3,2.6,72.4,76.71,17,Khulna,PurpleAir,Summer
7/3/2019,17.8,29.3,14.58,16.1,2.5,62,78.79,5,Barishal,IQAir,Summer
7/4/2019,33.7,30.7,14.96,11.4,2.7,74.8,75.46,23,Rajshahi,IQAir,Summer
7/6/2019,17.7,28.8,10.4,16.1,2.6,87.5,84.33,20,Dhaka,PurpleAir,Summer
7/7/2019,33.3,28.5,40.05,11.4,2.5,87.7,87.79,1,Khulna,PurpleAir,Summer
7/8/2019,32,28.6,60.72,11.4,2.4,80.1,87.55,8,Dhaka,EPA,Summer
7/10/2019,28.7,29.5,47.31,16.1,2.6,76.5,79.24,19,Sylhet,IQAir,Summer
7/11/2019,24.4,28.3,21.33,16.1,2.3,91.6,88.47,6,Chittagong,IQAir,Summer
7/13/2019,28.3,28.8,29.26,13.9,2.4,82.5,85.87,14,Mymensingh,IQAir,Summer
7/14/2019,34.4,27.1,80.83,16.1,2.5,90.4,89.65,12,Dhaka,IQAir,Summer
7/16/2019,65.5,29.3,2.9,17.2,2.5,76.4,84.71,19,Rajshahi,EPA,Summer
7/17/2019,76.4,30.8,0,6.9,2.5,43.6,75.59,19,Chittagong,PurpleAir,Summer
7/18/2019,76.5,30.6,9,9.2,2.3,59.5,78.79,5,Dhaka,IQAir,Summer
7/20/2019,24.3,31.1,3.24,11.4,2.6,41.5,70.47,2,Sylhet,EPA,Summer
7/21/2019,23.6,31.7,0,10.3,2.6,51.5,73.82,3,Khulna,PurpleAir,Summer
7/23/2019,19.5,31.4,1,15,2.6,54.7,66.87,21,Dhaka,EPA,Summer
7/24/2019,19.7,31,8,12.8,2.6,81.1,76.62,10,Mymensingh,EPA,Summer
7/26/2019,37.3,27.8,57.94,11.4,2.3,88.3,89.28,21,Dhaka,PurpleAir,Summer
7/27/2019,14.4,28.1,35.71,13.9,2.5,81.8,82.75,4,Rangpur,EPA,Summer
7/28/2019,11,29.4,0.89,18.3,2.6,78.4,74.43,9,Khulna,PurpleAir,Summer
7/30/2019,35.1,28.6,17.69,11.4,2.5,73.9,81.16,4,Sylhet,PurpleAir,Summer
7/31/2019,48.2,29,28.96,13.9,2.5,72.4,81.53,20,Khulna,IQAir,Summer
8/2/2019,30.1,30.1,9.29,13.9,2.6,62.9,76.31,5,Mymensingh,IQAir,Summer
8/3/2019,21.3,29.4,24.7,12.8,2.5,75.7,82.97,12,Rajshahi,PurpleAir,Summer
8/5/2019,28.2,31.9,1,9.2,2.6,55.5,74.32,7,Sylhet,EPA,Summer
8/6/2019,26.4,31.7,29.07,12.8,2.6,74.8,72.85,17,Khulna,IQAir,Summer
8/7/2019,10.5,29.5,27.3,23,2.6,78.3,74.01,11,Chittagong,IQAir,Summer
8/9/2019,31.5,29.7,9.01,11.4,2.6,73.2,78.45,2,Rajshahi,PurpleAir,Summer
8/10/2019,31.4,31.2,3.7,9.2,2.6,59.4,72.86,8,Khulna,PurpleAir,Summer
8/12/2019,13.6,30.8,40.01,16.1,2.5,71.1,75.43,11,Sylhet,EPA,Summer
8/13/2019,4.8,28.3,61.73,13.9,2.5,84.2,84.98,16,Khulna,IQAir,Summer
8/15/2019,21.5,28.7,12.94,13.9,2.6,79.6,84.41,7,Chittagong,EPA,Summer
8/16/2019,26.8,29.2,1.98,11.4,2.5,81,83.46,13,Barishal,PurpleAir,Summer
8/17/2019,21.3,29.6,24.66,11.4,2.4,75.8,80.33,6,Dhaka,PurpleAir,Summer
8/19/2019,30.2,30.7,1,11.4,2.6,50.3,71.27,9,Dhaka,PurpleAir,Summer
8/20/2019,21.3,30.9,1,8.1,2.6,65.1,72.89,8,Mymensingh,EPA,Summer
8/22/2019,46.3,30.2,4.56,13.9,2.6,74.4,77.63,5,Sylhet,IQAir,Summer
8/23/2019,34.4,29.1,7.42,10.3,2.5,76.8,83.64,5,Mymensingh,EPA,Summer
8/25/2019,23.6,30.1,10,11.4,2.6,66.7,74.5,11,Khulna,IQAir,Summer
8/26/2019,38.2,30.8,19,11.4,2.7,46.7,70.76,18,Rajshahi,PurpleAir,Summer
8/27/2019,24.4,30.7,0.5,15,2.6,45.4,72.97,19,Rajshahi,PurpleAir,Summer
8/29/2019,27.9,31.7,0,11.4,2.6,46.5,66,17,Dhaka,EPA,Summer
8/30/2019,31.5,31.7,0,8.1,2.6,50.7,69.09,14,Mymensingh,PurpleAir,Summer
9/1/2019,44.7,31.8,2,9.2,2.6,52.7,71.53,9,Barishal,EPA,Autumn
9/2/2019,111,29.6,41.7,11.4,2.5,73.9,76.32,6,Chittagong,IQAir,Autumn
9/4/2019,52,30.4,10.8,17.2,2.6,71.4,73.57,23,Dhaka,PurpleAir,Autumn
9/5/2019,32,30.2,12.7,17.2,2.6,70.2,76.77,8,Rajshahi,EPA,Autumn
9/6/2019,22.5,29.9,8.7,18.3,2.7,58.1,75.47,15,Dhaka,PurpleAir,Autumn
9/8/2019,28.2,29.3,4.06,15,2.6,77.8,79.24,21,Barishal,PurpleAir,Autumn
9/9/2019,39,28.5,35.62,11.4,2.6,77.1,85.22,4,Chittagong,EPA,Autumn
9/11/2019,22.4,29.8,6.11,13.9,2.6,71.2,78.46,8,Mymensingh,PurpleAir,Autumn
9/12/2019,22.5,28.2,19.65,17.2,2.6,84.3,86.95,2,Mymensingh,IQAir,Autumn
9/14/2019,40.9,29.7,0.8,9.2,2.6,68.4,76.05,7,Barishal,IQAir,Autumn
9/15/2019,29.3,30.6,5,9.2,2.6,57,72.13,2,Chittagong,IQAir,Autumn
9/16/2019,33.9,29.8,1.2,9.2,2.5,77.3,78.19,7,Khulna,PurpleAir,Autumn
9/18/2019,55,30.8,0,9.2,2.5,38.4,72.5,6,Rajshahi,PurpleAir,Autumn
9/19/2019,75.3,31.2,0,6.9,2.6,52.3,70.83,19,Khulna,IQAir,Autumn
9/21/2019,47.2,30,5.49,11.4,2.6,60.3,76.3,21,Chittagong,IQAir,Autumn
9/22/2019,46.6,28.7,6.4,17.2,2.6,74.1,81.57,16,Khulna,PurpleAir,Autumn
9/24/2019,25.7,27.4,18.36,11.4,2.5,82.4,85.02,11,Rangpur,EPA,Autumn
9/25/2019,19.3,26.6,22.18,9.2,2.5,88.6,86.43,14,Mymensingh,EPA,Autumn
9/26/2019,34,27.9,9.05,9.2,2.5,83.2,80.54,9,Khulna,EPA,Autumn
9/28/2019,38.2,27.8,10.36,9.2,2.5,79.4,81.14,18,Dhaka,IQAir,Autumn
9/29/2019,28.2,27.2,18.45,8.1,2.5,81.2,85.66,19,Barishal,PurpleAir,Autumn
10/1/2019,33,27,90.37,9.2,2.4,80.8,88.11,2,Rajshahi,EPA,Autumn
10/2/2019,37,28.8,18,11.4,2.5,71.1,76.6,21,Mymensingh,IQAir,Autumn
10/4/2019,50.4,29.5,0,6.9,2.6,46.1,76.11,4,Sylhet,IQAir,Autumn
10/5/2019,55.8,29.6,0,9.2,2.6,54.2,77.06,2,Rajshahi,EPA,Autumn
10/6/2019,69.9,29,12.81,9.2,2.6,70.1,79.19,4,Chittagong,IQAir,Autumn
10/8/2019,49.8,28.4,9.6,13.9,2.4,63.4,78.93,20,Dhaka,PurpleAir,Autumn
10/9/2019,32.5,28.3,2.2,9.2,2.6,64.1,78.96,17,Dhaka,EPA,Autumn
10/11/2019,23.3,28.3,2.6,6.9,2.6,51.4,75.51,14,Rangpur,IQAir,Autumn
10/12/2019,72.8,29.1,0,6.9,2.7,33.7,72.9,16,Barishal,IQAir,Autumn
10/14/2019,69.4,28.9,0,9.2,2.6,24.9,66.98,15,Barishal,PurpleAir,Autumn
10/15/2019,76,29.4,0,9.2,2.6,21.1,70.78,6,Mymensingh,IQAir,Autumn
10/16/2019,48.9,28,18.3,12.8,2.5,50,79.19,11,Mymensingh,EPA,Autumn
10/18/2019,52.9,30,0,9.2,2.3,22.2,68.94,13,Mymensingh,EPA,Autumn
10/19/2019,73.5,30,0,6.9,2.5,18.5,69.16,17,Mymensingh,PurpleAir,Autumn
10/21/2019,89.9,29.3,0,9.2,2.5,20.7,67.18,9,Dhaka,EPA,Autumn
10/22/2019,96.5,28.9,0,6.9,2.3,50.5,74.95,3,Chittagong,PurpleAir,Autumn
10/27/2019,50.3,25.6,2,11.4,2.5,62.5,77.29,16,Barishal,IQAir,Autumn
10/28/2019,135,25.9,0,10.3,2.6,29.6,70.14,11,Rajshahi,EPA,Autumn
10/29/2019,138,26.5,0,6.9,2.5,18.6,71.36,6,Chittagong,IQAir,Autumn
10/31/2019,163,27.2,0,9.2,2.6,24.4,68.58,2,Barishal,EPA,Autumn
11/1/2019,149,27.6,0,8.1,2.5,33.7,70.01,19,Khulna,EPA,Autumn
11/3/2019,144,26.9,0,6.9,2.4,41.7,74.03,8,Dhaka,EPA,Autumn
11/4/2019,177,27,0,11.4,2.4,22.8,68.66,22,Dhaka,PurpleAir,Autumn
11/6/2019,157,26.7,0,9.2,2.1,32.1,75.1,16,Rajshahi,EPA,Autumn
11/7/2019,190,26.1,0,8.1,2.4,51.4,69.85,19,Chittagong,IQAir,Autumn
11/8/2019,168,25.5,4.54,6.9,2.2,80.9,79.74,16,Barishal,EPA,Autumn
11/10/2019,15.2,23.9,44.59,23,2.4,91,85.71,4,Chittagong,EPA,Autumn
11/11/2019,40.7,26.1,6.79,13.9,2.5,52.7,76.41,8,Rangpur,IQAir,Autumn
11/13/2019,82.8,26.5,0,6.9,2.2,27.1,72.17,7,Chittagong,IQAir,Autumn
11/14/2019,69.1,26.8,0,6.9,2.3,10.4,70.48,1,Khulna,PurpleAir,Autumn
11/16/2019,103.7,26.2,0,6.9,2.3,20.4,68.28,13,Barishal,EPA,Autumn
11/17/2019,123.7,25.8,0,9.2,2.3,31.2,70.01,21,Chittagong,PurpleAir,Autumn
11/18/2019,124,25.2,0,4.7,2.4,19.5,70.4,15,Rangpur,PurpleAir,Autumn
11/20/2019,70.8,24.3,0,6.9,2.2,19.6,60.96,17,Rangpur,EPA,Autumn
11/21/2019,101.3,24,0,6.9,2.3,20.6,69.51,8,Sylhet,EPA,Autumn
11/23/2019,117.8,24.6,0,8.1,2.2,27.1,71.48,17,Mymensingh,IQAir,Autumn
11/24/2019,136.7,24.3,0,6.9,2.2,18.2,73.07,21,Dhaka,IQAir,Autumn
11/26/2019,88.2,25,0,5.8,2.3,2.3,73.12,6,Mymensingh,IQAir,Autumn
11/27/2019,65.7,24.4,0,6.9,2.3,0,70.71,3,Rangpur,PurpleAir,Autumn
11/28/2019,79,24.7,0,5.8,2.5,0,71.41,11,Sylhet,EPA,Autumn
11/30/2019,124.4,24.3,0,9.2,2.3,0.6,69.23,22,Barishal,PurpleAir,Autumn
12/1/2019,129,23.8,0,10.3,2.3,22.2,67.12,2,Khulna,PurpleAir,Winter
12/3/2019,130.6,22,0,5.8,2.3,15.1,69.13,14,Rangpur,PurpleAir,Winter
12/4/2019,111.2,21.5,0,6.9,2,6.5,68.51,1,Rangpur,PurpleAir,Winter
12/6/2019,59.7,23.7,0,9.2,2.4,20.3,63.46,6,Barishal,EPA,Winter
12/7/2019,81.3,23.2,0,6.9,2.4,16.5,61.97,2,Rajshahi,IQAir,Winter
12/8/2019,101.4,23.3,0,5.8,2.4,39.4,64.61,17,Khulna,IQAir,Winter
12/10/2019,125.8,21.9,0,9.2,2.2,19.4,67.02,21,Khulna,IQAir,Winter
12/11/2019,146.6,21.5,0,9.2,2.2,24.3,67.54,1,Barishal,EPA,Winter
12/13/2019,194.7,21.1,0,4.7,1.9,6,69.64,18,Sylhet,PurpleAir,Winter
12/14/2019,140.2,21.4,0,9.2,2,2.3,69.66,10,Rangpur,EPA,Winter
12/16/2019,120.5,22.1,0,6.9,2.3,23.2,68.52,12,Chittagong,PurpleAir,Winter
12/17/2019,121.9,21.1,0,9.2,1.7,30.7,73.94,6,Barishal,PurpleAir,Winter
12/18/2019,146.8,18,0,11.4,1.6,32.9,81.7,13,Chittagong,IQAir,Winter
12/20/2019,161,15.7,0,6.9,1,64.8,86.84,3,Mymensingh,PurpleAir,Winter
12/21/2019,138.8,14.7,0,8.2,0.8,64.1,86.99,21,Barishal,EPA,Winter
12/23/2019,136.2,17.6,0,8.1,1.8,53.7,76.73,14,Barishal,PurpleAir,Winter
12/24/2019,216.8,16.4,0,8.1,0.9,55.9,84.84,5,Khulna,IQAir,Winter
12/26/2019,271.3,17.2,0.1,5.8,0.9,67.4,82.74,3,Sylhet,EPA,Winter
12/27/2019,222.3,17,8.88,11.4,1,75.8,85.23,19,Rangpur,IQAir,Winter
12/28/2019,167.6,16.3,0.75,10.3,1.1,40.1,82.61,1,Chittagong,EPA,Winter
12/30/2019,114.2,18.5,0,6.9,1.8,23.6,71.65,4,Mymensingh,EPA,Winter
12/31/2019,174.5,20,0,9.2,1.9,9.4,71.59,16,Sylhet,EPA,Winter
1/2/2020,146.5,21.7,0,6.9,2.2,40.1,69.58,23,Mymensingh,PurpleAir,Winter
1/3/2020,50.1,19.1,30.86,11.4,2.4,84.1,84.46,19,Sylhet,PurpleAir,Winter
1/5/2020,106.9,19.2,0,8.1,1.9,54.1,77.99,9,Rajshahi,PurpleAir,Winter
1/6/2020,128.7,17.7,0,11.4,1.7,13.5,79.17,18,Khulna,PurpleAir,Winter
1/7/2020,182.3,15.5,0,9.2,0.8,42.4,85.67,21,Mymensingh,IQAir,Winter
1/9/2020,165.2,18.8,0,5.8,1.4,69.3,78.25,19,Barishal,PurpleAir,Winter
1/10/2020,141.6,19.3,0,9.2,1.5,25.3,73.43,7,Barishal,PurpleAir,Winter
1/12/2020,200.6,15.3,0,10.3,0.7,52.4,89.34,4,Mymensingh,EPA,Winter
1/13/2020,227,16.5,0,4.7,0.9,58.7,82.53,3,Barishal,IQAir,Winter
1/15/2020,262.4,19.5,0,6.9,0.9,47.9,80.2,18,Rajshahi,IQAir,Winter
1/16/2020,211.8,20.4,0,5.8,1.2,28.5,76.57,19,Rangpur,IQAir,Winter
1/17/2020,130.4,21.3,0,6.9,1.7,3.5,70.71,1,Mymensingh,PurpleAir,Winter
1/19/2020,195.3,21.2,0,11.4,1.6,21.3,74.94,13,Mymensingh,EPA,Winter
1/20/2020,138.4,19.2,0,10.3,1.9,28.9,71.96,6,Khulna,IQAir,Winter
1/22/2020,177.8,18.8,0,8.1,1.6,7.4,69.26,9,Chittagong,IQAir,Winter
1/23/2020,198.1,19,0,6.9,1.9,24.6,67.45,16,Chittagong,PurpleAir,Winter
1/25/2020,157.9,17.8,0,6.9,1.7,6.4,66.65,13,Dhaka,EPA,Winter
1/26/2020,174.7,18.6,0,11.4,2,9.2,67.39,16,Barishal,EPA,Winter
1/27/2020,215.6,17.9,0,6.9,1.1,24.3,76.57,22,Mymensingh,EPA,Winter
1/29/2020,259.3,19.1,0,6.9,0.7,66.8,84.79,23,Barishal,PurpleAir,Winter
1/30/2020,269.9,20.7,0,6.9,0.9,65.9,76.93,20,Dhaka,IQAir,Winter
2/1/2020,134.8,19.5,0,9.2,1.8,5.5,63.96,4,Rangpur,PurpleAir,Winter
2/2/2020,113.9,19,0,11.4,2,1.2,63.73,20,Khulna,EPA,Winter
2/4/2020,142.8,19.4,0,9.2,2.1,12.4,62.29,22,Rajshahi,IQAir,Winter
2/5/2020,136.4,20.9,0,9.2,2.1,31.9,57.68,14,Mymensingh,EPA,Winter
2/6/2020,149.8,19.8,0,9.2,1.9,3.5,62.47,22,Dhaka,EPA,Winter
2/8/2020,152.8,20,0,10.3,1.8,65.8,62.76,21,Dhaka,EPA,Winter
2/9/2020,156.9,21.5,0,11.4,2,35.8,62.6,23,Khulna,PurpleAir,Winter
2/11/2020,129.8,20.6,0,11.4,2.3,0,59.42,9,Khulna,EPA,Winter
2/12/2020,138.8,20.9,0,11.4,2.1,4.6,61.83,14,Barishal,PurpleAir,Winter
2/14/2020,255.3,20.6,0,6.9,1.9,9.6,65.63,1,Rangpur,PurpleAir,Winter
2/15/2020,163.6,23,0,9.2,1.8,25,69.26,5,Dhaka,PurpleAir,Winter
2/16/2020,187.6,23,0,9.2,1.5,24.4,70.14,20,Barishal,IQAir,Winter
2/18/2020,205.8,22.5,0,10.3,1.6,8.1,68.35,7,Rajshahi,PurpleAir,Winter
2/19/2020,212.1,23.5,0,9.2,2.3,2.1,61.55,12,Rajshahi,EPA,Winter
2/21/2020,186.3,23.3,0,11.4,2,17.9,62.36,14,Dhaka,EPA,Winter
2/22/2020,138.2,23.8,0,6.9,2.3,9.1,60.43,21,Sylhet,IQAir,Winter
2/24/2020,195.6,24,0,10.3,1.9,57.1,70.26,8,Rajshahi,IQAir,Winter
2/25/2020,167.6,21.3,0.21,9.2,1.5,70.8,78.52,13,Rangpur,PurpleAir,Winter
2/26/2020,108.4,21.5,2.8,9.2,1.9,43.4,71.43,9,Sylhet,PurpleAir,Winter
2/28/2020,106.7,23.7,0,11.4,2.3,4.2,56.91,14,Dhaka,EPA,Winter
2/29/2020,114,25.7,0,8.1,2.4,1.3,51.12,6,Khulna,IQAir,Winter
3/2/2020,146.1,25.2,0,9.2,2.4,18.8,63.13,5,Mymensingh,PurpleAir,Spring
3/3/2020,111.4,23.7,29.66,20.8,2.3,48.7,67.72,20,Khulna,EPA,Spring
3/5/2020,76.1,24.9,32.2,12.8,2.5,52.1,63.58,5,Rajshahi,EPA,Spring
3/6/2020,90.6,24.8,12.4,11.4,2.4,62.2,68.85,9,Sylhet,PurpleAir,Spring
3/7/2020,83.4,23.2,0.51,13.9,2.1,56.6,72.28,10,Rangpur,IQAir,Spring
3/9/2020,91.2,24.3,0,8.1,2.4,21,61.9,11,Dhaka,EPA,Spring
3/10/2020,104.8,24.5,0,9.2,2.5,2.7,55.22,8,Khulna,PurpleAir,Spring
3/12/2020,131.2,27,0,6.9,2.3,37.5,57.67,15,Khulna,EPA,Spring
3/13/2020,115,27.9,0,9.2,2.4,9.7,63.62,2,Dhaka,EPA,Spring
3/15/2020,62.5,25.8,0,13.9,2.6,36.7,62.24,2,Rajshahi,EPA,Spring
3/16/2020,80.8,26.6,0,10.3,2.5,22.8,56.85,9,Dhaka,EPA,Spring
3/17/2020,82.9,26.8,0,9.2,2.5,34.3,53.38,21,Dhaka,PurpleAir,Spring
3/19/2020,95.8,26.6,0,8.1,2.6,19.9,52.35,9,Mymensingh,IQAir,Spring
3/20/2020,157.5,26.9,0.7,13.9,2.4,60.1,62.38,6,Rajshahi,IQAir,Spring
3/22/2020,45.8,25.1,1.5,11.4,2.5,69,62.82,21,Sylhet,IQAir,Spring
3/23/2020,76.3,25.6,0,5.8,2.6,31.3,62.33,3,Chittagong,EPA,Spring
3/25/2020,138.1,27.5,0,11.4,2.4,15.1,58.63,14,Khulna,EPA,Spring
3/26/2020,134,29,0,9.2,2.4,19.5,58.03,15,Barishal,PurpleAir,Spring
3/27/2020,99.5,29.4,0,11.4,2.2,10.3,54.32,17,Mymensingh,EPA,Spring
3/29/2020,48.6,30.1,0,11.4,2.7,0.6,49.8,21,Rajshahi,PurpleAir,Spring
3/30/2020,47.3,29.1,0,11.4,2.6,11.7,43.72,11,Sylhet,EPA,Spring
4/1/2020,123.8,29.7,0,9.2,2.7,2.8,51.16,2,Khulna,PurpleAir,Spring
4/2/2020,66.1,29.1,1.5,13.9,2.4,35.2,62.14,14,Dhaka,PurpleAir,Spring
4/4/2020,62,29.1,0,9.2,2.7,40.2,57.1,7,Rajshahi,IQAir,Spring
4/5/2020,95.8,29.5,22,11.4,2.7,45.8,63.97,6,Khulna,EPA,Spring
4/6/2020,107,29.6,0,13.9,2.7,0.1,54.8,7,Rangpur,IQAir,Spring
4/8/2020,47.8,28.6,0.4,11.4,2.5,52.1,70.22,7,Chittagong,IQAir,Spring
4/9/2020,55.2,30.2,0,9.2,2.4,39.6,63.66,19,Khulna,EPA,Spring
4/11/2020,28.9,29.9,0.4,19.7,2.6,36.8,60.95,7,Dhaka,EPA,Spring
4/12/2020,33.7,26.1,2.03,20.8,2.6,44.8,69.04,13,Dhaka,IQAir,Spring
4/14/2020,70.4,30.4,6.8,6.9,2.7,44.3,64.19,17,Dhaka,IQAir,Spring
4/15/2020,33.3,27.7,3.6,23,2.6,54.8,73.83,13,Rajshahi,EPA,Spring
4/16/2020,41.8,27.1,0.8,11.4,2.6,47.5,62.58,11,Dhaka,EPA,Spring
4/18/2020,34.4,28.6,6,13.9,2.6,75.6,75.14,16,Rajshahi,EPA,Spring
4/19/2020,31.1,28.7,44.3,18.3,2.6,46.7,66.94,1,Dhaka,IQAir,Spring
4/21/2020,57.7,26.9,1.4,16.1,2.6,77.2,71.79,13,Rangpur,PurpleAir,Spring
4/22/2020,53,27.4,21.09,11.4,2.6,67,66.16,6,Mymensingh,EPA,Spring
4/24/2020,42.4,24.4,23.82,152.1,2.6,79.3,80.62,7,Barishal,IQAir,Spring
4/25/2020,34.9,26.2,9.27,11.4,2.6,73.9,72.68,13,Barishal,PurpleAir,Spring
4/26/2020,26.6,24.3,53.14,11.4,2.6,73.1,83.93,11,Khulna,IQAir,Spring
4/28/2020,49.2,25.7,4.29,11.4,2.6,76.7,82.82,2,Rajshahi,PurpleAir,Spring
4/29/2020,38.4,26.5,4.2,9.2,2.6,69.8,75.17,3,Khulna,PurpleAir,Spring
5/1/2020,59.8,25.4,15.09,85.2,2.6,63.2,84.57,13,Khulna,PurpleAir,Spring
5/2/2020,45,25.8,20.1,13.9,2.5,79.4,82.42,11,Barishal,PurpleAir,Spring
5/4/2020,59.9,29.3,0,6.9,2.6,54.6,70.94,5,Rangpur,EPA,Spring
5/5/2020,33.9,29.6,0,11.4,2.6,52.5,71.04,3,Sylhet,IQAir,Spring
5/6/2020,33.8,26.8,43.46,18.3,2.5,71.4,79.65,17,Mymensingh,EPA,Spring
5/8/2020,64.4,27.9,9.5,11.4,2.6,45,70.2,18,Dhaka,PurpleAir,Spring
5/9/2020,74.1,29.2,22.96,13.1,2.6,53.2,74.5,3,Dhaka,EPA,Spring
5/11/2020,56,28.6,4,11.4,2.6,66.2,69.73,6,Sylhet,PurpleAir,Spring
5/12/2020,56.3,29.8,0,4.7,2.7,30.9,65.77,23,Rajshahi,EPA,Spring
5/14/2020,62.7,28.6,33.18,13.9,2.4,68,69.81,11,Rajshahi,PurpleAir,Spring
5/15/2020,43.4,28.8,30.54,11.4,2.7,73.7,77.13,21,Barishal,PurpleAir,Spring
5/16/2020,40.4,29.8,18,13.9,2.6,58.8,71.75,21,Sylhet,IQAir,Spring
5/18/2020,41,31.2,0,11.4,2.7,42.2,61.43,12,Rangpur,PurpleAir,Spring
5/19/2020,42.4,30,13.85,49.4,2.6,80.2,71.86,9,Rangpur,IQAir,Spring
5/28/2020,24.4,27.7,17.71,13.9,2.6,72.5,73.23,19,Khulna,IQAir,Spring
5/29/2020,30.2,28.2,3.59,13.9,2.6,66.8,76.01,1,Rangpur,PurpleAir,Spring
5/31/2020,30.4,29.4,0,13.9,2.7,70.2,69.86,16,Dhaka,EPA,Spring
6/1/2020,34.1,29.4,0,13.9,2.7,63.6,68.04,21,Chittagong,PurpleAir,Summer
6/2/2020,43.8,29.5,4.4,17.2,2.7,52.4,70.92,11,Rangpur,EPA,Summer
6/4/2020,28.5,27.6,31.8,23,2.4,79.2,81.34,5,Barishal,EPA,Summer
6/5/2020,41.4,28.3,23.2,11.4,2.5,78.3,78.2,16,Chittagong,EPA,Summer
6/7/2020,52.6,30.4,0.4,11.4,2.6,65.4,71.42,6,Khulna,PurpleAir,Summer
6/8/2020,54.8,28.9,4,13.9,2.7,74.7,76.71,20,Sylhet,PurpleAir,Summer
6/10/2020,45,29.5,29.02,8.1,2.5,74.1,74.18,12,Barishal,PurpleAir,Summer
6/11/2020,32.4,28,7.55,11.4,2.5,78,82.29,5,Khulna,EPA,Summer
6/12/2020,23,29,15.91,6.9,2.6,74.4,75.74,3,Chittagong,IQAir,Summer
6/14/2020,30,29.2,19.03,11.4,2.6,66,76.26,21,Rajshahi,PurpleAir,Summer
6/15/2020,34.1,30.5,6.5,16.1,2.7,62.5,68.86,20,Barishal,EPA,Summer
6/17/2020,38.2,27.3,39.36,13.9,2.6,83.2,88.75,23,Chittagong,EPA,Summer
6/18/2020,23.6,28.4,51.43,13.9,2.5,84.7,84.31,13,Chittagong,EPA,Summer
6/20/2020,28.8,29.8,4.9,13.9,2.7,62.6,74.17,4,Rajshahi,PurpleAir,Summer
6/21/2020,25.1,29.2,19.57,13.9,2.6,74.1,77.59,18,Barishal,IQAir,Summer
6/22/2020,29.7,29.6,7.82,17.2,2.6,73.3,75.44,14,Barishal,PurpleAir,Summer
6/24/2020,26.4,31,0,17.2,2.7,64.7,69.35,3,Mymensingh,PurpleAir,Summer
6/25/2020,24,31.4,0,16.1,2.7,76.7,69.09,10,Chittagong,IQAir,Summer
6/27/2020,15,30.4,4.06,20.8,2.7,76.5,74.17,3,Khulna,PurpleAir,Summer
6/28/2020,36.9,28.6,14.78,18.3,2.5,74.3,80.46,8,Mymensingh,IQAir,Summer
6/30/2020,25,29.3,1.4,9.2,2.7,71.1,76.16,12,Rajshahi,IQAir,Summer
7/1/2020,16.3,31.7,1,17.2,2.7,61.6,68.45,12,Dhaka,PurpleAir,Summer
7/2/2020,24.2,31.5,0,13.9,2.7,63,66.26,22,Rangpur,PurpleAir,Summer
7/4/2020,39,29.6,19.57,8.1,2.7,74.3,74.39,10,Dhaka,PurpleAir,Summer
7/5/2020,24,28.7,29.35,11.4,2.6,75.1,81.36,10,Khulna,EPA,Summer
7/7/2020,21.2,29.5,20.18,18.3,2.7,78.9,79.61,11,Dhaka,EPA,Summer
7/8/2020,50.8,30.4,14.9,13.9,2.7,70.8,72.14,12,Chittagong,IQAir,Summer
7/10/2020,15.5,29.8,15.79,117.4,2.6,76.5,76.83,20,Barishal,EPA,Summer
7/11/2020,17.3,29.1,31.9,17.2,2.3,88.3,83.19,20,Rangpur,IQAir,Summer
7/12/2020,42,28.1,39.08,20.8,2.4,85.6,88.58,15,Barishal,PurpleAir,Summer
7/14/2020,33.3,29,25.22,10.3,2.5,68.4,80.87,2,Rangpur,PurpleAir,Summer
7/15/2020,59.7,29.7,9.66,16.1,2.7,75.4,73.22,13,Sylhet,IQAir,Summer
7/17/2020,33.6,30,17.77,11.4,2.6,67.9,74.22,9,Rangpur,PurpleAir,Summer
7/18/2020,26.9,30.2,28.9,23,2.6,58.1,75.16,3,Barishal,EPA,Summer
7/20/2020,31,26.9,89.65,20.8,2.2,86,87.11,15,Chittagong,PurpleAir,Summer
7/21/2020,35.8,27,80.42,16.1,2.2,92.8,90.93,23,Mymensingh,EPA,Summer
7/22/2020,31,27.5,49.99,17.2,2.3,82.5,87.84,18,Dhaka,IQAir,Summer
7/24/2020,29.9,28.7,7.48,11.4,2.6,80.5,80.2,23,Barishal,PurpleAir,Summer
7/25/2020,38.8,30.1,1.2,23.9,2.7,49.7,73.01,14,Dhaka,EPA,Summer
7/27/2020,27.6,30.6,46.5,9.2,2.7,69,77.24,17,Mymensingh,EPA,Summer
7/28/2020,45.5,29.4,83.7,13.9,2.5,79.2,79.87,2,Khulna,EPA,Summer
7/30/2020,19,30.7,25.4,11.4,2.7,68.7,72.96,9,Rangpur,PurpleAir,Summer
7/31/2020,16.1,30.1,0.4,11.4,2.7,74.8,73.01,7,Chittagong,PurpleAir,Summer
8/1/2020,20.8,30.1,39.71,11.4,2.6,73.8,75.78,23,Dhaka,PurpleAir,Summer
8/3/2020,38.6,30.7,32.2,6.9,2.6,46.3,73.86,6,Khulna,IQAir,Summer
8/4/2020,36,29.4,51.15,8.1,2.6,70.1,78.86,16,Chittagong,IQAir,Summer
8/6/2020,15.3,29.9,31.06,16.1,2.6,74.5,77.49,1,Chittagong,IQAir,Summer
8/7/2020,25.5,29.8,4,11.4,2.7,67.8,78.89,13,Rajshahi,EPA,Summer
8/9/2020,21.7,30,12.81,11.4,2.6,72.9,73.8,16,Rajshahi,IQAir,Summer
8/10/2020,32.5,30.4,0.4,13.9,2.7,69.4,75.73,16,Dhaka,EPA,Summer
8/11/2020,33.4,30.4,0,11.4,2.7,68,75.66,11,Dhaka,EPA,Summer
8/13/2020,36.1,30.4,0.21,11.4,2.7,54.3,73.13,9,Rajshahi,IQAir,Summer
8/14/2020,24.7,30.7,0,17.2,2.7,68.8,73.17,21,Chittagong,EPA,Summer
8/16/2020,16,27.9,48.53,17.2,2.4,86.7,85.57,7,Dhaka,IQAir,Summer
8/17/2020,30.3,28.3,13.86,11.4,2.6,75.2,76.35,18,Sylhet,EPA,Summer
8/19/2020,14.1,29.1,3.68,15,2.7,76.8,76.77,22,Dhaka,PurpleAir,Summer
8/20/2020,12.8,27,12.69,17.2,2.5,87.4,85.73,17,Rangpur,EPA,Summer
8/21/2020,22.3,27.4,41.35,11.4,2.4,82.1,86.17,9,Sylhet,PurpleAir,Summer
8/23/2020,37.7,29.5,21.65,9.2,2.5,76.1,80.77,4,Barishal,EPA,Summer
8/24/2020,49.3,30.5,33.6,9.2,2.6,52,71.26,18,Rangpur,PurpleAir,Summer
8/26/2020,14.2,29.1,1.38,20.8,2.6,68.3,71.03,8,Khulna,PurpleAir,Summer
8/27/2020,29.9,29.5,45.4,11.4,2.7,75.3,76.99,23,Barishal,PurpleAir,Summer
8/29/2020,29.3,29,28.22,13.9,2.7,79.3,79.48,12,Dhaka,EPA,Summer
8/30/2020,42,30.5,3.41,15,2.7,78.3,72.74,13,Rangpur,EPA,Summer
8/31/2020,46.5,30.7,18.13,9.2,2.7,72.2,74.02,19,Rajshahi,PurpleAir,Summer
9/2/2020,36.7,29.9,13.12,13.9,2.7,64.3,70.77,11,Chittagong,IQAir,Autumn
9/3/2020,33.5,30,0,9.2,2.7,44.1,70.21,3,Chittagong,IQAir,Autumn
9/5/2020,25,31.4,0,11.4,2.7,53.1,68.3,11,Chittagong,PurpleAir,Autumn
9/6/2020,20.3,31,1,16.1,2.7,66.1,67.16,14,Chittagong,EPA,Autumn
9/8/2020,26,29.5,30.94,11.4,2.7,75.2,77.05,20,Barishal,PurpleAir,Autumn
9/9/2020,68.5,28.9,33.5,6.9,2.6,71.8,76.83,17,Rajshahi,IQAir,Autumn
9/10/2020,45.5,28.9,23.37,13.9,2.6,77.1,80.08,11,Mymensingh,IQAir,Autumn
9/12/2020,32.1,29.8,17,10.3,2.7,72.5,78.21,18,Rajshahi,PurpleAir,Autumn
9/13/2020,23.6,29.6,9.17,11.4,2.5,69.1,77.68,5,Barishal,EPA,Autumn
9/15/2020,45.7,29.9,6.62,11.4,2.6,67.1,75.97,10,Khulna,IQAir,Autumn
9/16/2020,26.7,30.1,13.71,17.2,2.6,72.7,72.41,2,Sylhet,IQAir,Autumn
9/18/2020,34.8,28.6,47.26,10.3,2.7,64.7,79.96,5,Mymensingh,PurpleAir,Autumn
9/19/2020,32.9,31,0,8.1,2.7,42.8,68.05,8,Sylhet,EPA,Autumn
9/20/2020,41.4,30.6,2.29,17.2,2.6,60.7,71.39,20,Chittagong,IQAir,Autumn
9/22/2020,28.8,28.7,26.09,11.4,2.6,82.4,79.73,22,Mymensingh,IQAir,Autumn
9/23/2020,30.6,28.4,13.47,15,2.6,76.6,78.64,13,Barishal,EPA,Autumn
9/25/2020,20.1,28.7,36.89,11.4,2.6,78.1,79.54,7,Rajshahi,PurpleAir,Autumn
9/26/2020,27.3,28.5,31.19,17.2,2.5,83.4,81.76,11,Chittagong,PurpleAir,Autumn
9/28/2020,47.3,29.6,0,6.9,2.6,60.1,72.95,13,Sylhet,PurpleAir,Autumn
9/29/2020,67.2,29.5,0,5.8,2.6,51.1,74.7,22,Dhaka,EPA,Autumn
9/30/2020,60.9,30.2,1,6.9,2.6,61.3,73.6,22,Mymensingh,IQAir,Autumn
10/2/2020,38.8,28.9,27.7,13.9,2.6,69,76.76,9,Rajshahi,IQAir,Autumn
10/3/2020,47.5,29,15.4,5.8,2.6,60.9,78.3,11,Rajshahi,PurpleAir,Autumn
10/5/2020,58,29,8.4,11.4,2.6,62.5,77.01,16,Rajshahi,PurpleAir,Autumn
10/6/2020,40.3,28.9,41.23,13.9,2.5,72.9,74.9,23,Barishal,IQAir,Autumn
10/8/2020,41,29,12,4.7,2.5,68,77.48,4,Mymensingh,IQAir,Autumn
10/9/2020,58.3,30.1,1.2,8.1,2.5,60.4,72.52,19,Barishal,EPA,Autumn
10/10/2020,65.7,30.2,1.2,9.2,2.5,51.4,72.08,4,Barishal,PurpleAir,Autumn
10/12/2020,71.5,29.5,60.05,6,2.4,61.5,79.68,11,Barishal,IQAir,Autumn
10/13/2020,93.2,29.8,0.4,9.2,2.5,45.8,74.67,12,Mymensingh,PurpleAir,Autumn
10/15/2020,114.6,29.4,0,6.9,2.5,46.5,74.93,15,Mymensingh,EPA,Autumn
10/16/2020,68.4,30.4,0,6.9,2.5,24.2,70.15,16,Dhaka,EPA,Autumn
10/18/2020,73.3,29.1,0,9.2,2.6,57.2,73.68,19,Rangpur,EPA,Autumn
10/19/2020,52,29.2,0.2,8.1,2.6,77.2,76.14,23,Rajshahi,PurpleAir,Autumn
10/20/2020,75.3,29.9,9.7,11.4,2.5,52.4,71.72,19,Khulna,PurpleAir,Autumn
10/22/2020,14.4,26.5,65.89,11.4,2.2,93.1,86.52,22,Sylhet,IQAir,Autumn
10/23/2020,10.3,25.4,57.2,15,2,96.4,92.38,5,Chittagong,IQAir,Autumn
10/25/2020,28.6,28.5,0,9.2,2.5,62.7,73.42,18,Sylhet,EPA,Autumn
10/26/2020,70.6,28.4,0,3.4,2.5,24.1,69.9,9,Dhaka,EPA,Autumn
10/28/2020,65.9,28.6,0,4.7,2.5,1.4,71.07,12,Chittagong,EPA,Autumn
10/29/2020,51.5,29,0,6.9,2.6,4.7,68.8,11,Chittagong,EPA,Autumn
10/30/2020,46,29.6,0,5.8,2.6,16.2,68.12,7,Dhaka,PurpleAir,Autumn
11/1/2020,25.4,27.1,38.94,9.2,2.4,85.5,79.13,14,Barishal,PurpleAir,Autumn
11/2/2020,46,27.5,22,6.9,2.5,69.7,76.6,14,Chittagong,PurpleAir,Autumn
11/4/2020,146.1,28.2,0,8.1,2.5,30.8,68.5,15,Barishal,IQAir,Autumn
11/5/2020,133.7,27.2,0,5.8,2.4,2.5,65.68,3,Chittagong,EPA,Autumn
11/7/2020,96,25.4,0,3.7,2.3,1.2,69.21,23,Barishal,IQAir,Autumn
11/8/2020,71.6,25.7,0,6.9,2.3,0,70.1,5,Sylhet,EPA,Autumn
11/9/2020,42,26.9,0,4.7,2.5,2.1,68.75,8,Chittagong,EPA,Autumn
11/11/2020,47.6,27.1,0,9.2,2.6,0.3,62.69,18,Rajshahi,IQAir,Autumn
11/12/2020,60.8,27.4,0,5.8,2.6,8.5,63.33,23,Rajshahi,IQAir,Autumn
11/14/2020,60,28.4,0,9.2,2.5,0,59.53,13,Mymensingh,EPA,Autumn
11/15/2020,104.7,27,0,11.4,2.5,0,61.01,13,Chittagong,EPA,Autumn
11/17/2020,143.4,26.6,0,5.8,2.4,10.4,67.69,23,Rangpur,IQAir,Autumn
11/18/2020,164.1,25.1,0,6.9,2.3,0,68.02,14,Chittagong,EPA,Autumn
11/19/2020,174.8,26,0,4.7,2.3,47.8,67.87,7,Mymensingh,PurpleAir,Autumn
11/21/2020,112.1,24.2,27.9,4.7,1.4,75.9,84.3,5,Khulna,PurpleAir,Autumn
11/22/2020,131.7,23.6,1,9.2,2,27.5,70.66,16,Rangpur,IQAir,Autumn
11/24/2020,131.8,22.9,0,5.8,2.3,29.6,72.14,16,Khulna,PurpleAir,Autumn
11/25/2020,107,23.5,0,5.8,2.3,47.8,70.03,16,Khulna,PurpleAir,Autumn
11/27/2020,107.4,23.5,0,6.9,2.3,78.4,71.92,1,Chittagong,EPA,Autumn
11/28/2020,96.8,23.4,0,8.1,2.4,35.9,71.17,16,Barishal,PurpleAir,Autumn
11/29/2020,110.7,24.5,0,10.3,2.5,1.2,67.66,21,Rangpur,PurpleAir,Autumn
12/1/2020,141,23.9,0,4.7,2.3,8.9,69.59,21,Dhaka,EPA,Winter
12/2/2020,153.9,23.4,0,9.2,2.2,17.3,73.24,2,Mymensingh,IQAir,Winter
12/4/2020,201.5,24.8,0,8.1,2.2,8.4,65.94,10,Rajshahi,EPA,Winter
12/5/2020,260.9,22.9,0,4.7,1.6,35.1,77.42,9,Dhaka,EPA,Winter
12/7/2020,165.8,23.2,0,5.8,1.3,19.2,81.73,18,Chittagong,PurpleAir,Winter
12/8/2020,146.1,22.6,0,6.9,1,52.3,84.39,20,Sylhet,IQAir,Winter
12/9/2020,178.5,20.5,0,6.9,0.5,68,91.19,1,Chittagong,PurpleAir,Winter
12/11/2020,126.5,19.6,0,5.8,1.3,66.5,84.37,8,Sylhet,PurpleAir,Winter
12/12/2020,165.8,20.3,0,5.8,1.4,58.6,81.8,7,Chittagong,EPA,Winter
12/14/2020,218.5,22.4,0,6.9,1.4,7.5,73.94,12,Rangpur,IQAir,Winter
12/15/2020,175.4,21.1,0,9.2,1.4,27,79.24,16,Khulna,EPA,Winter
12/17/2020,182.4,20.8,0,6.9,1.6,0,74.37,8,Dhaka,PurpleAir,Winter
12/18/2020,146.5,20.9,0,6.9,2,0,69.6,12,Dhaka,IQAir,Winter
12/19/2020,135.9,20.3,0,8.1,2.1,2.1,62.4,17,Barishal,EPA,Winter
12/21/2020,208.5,19.2,0,4.7,1.4,6.9,77.96,20,Chittagong,EPA,Winter
12/22/2020,223,18.8,0,5.8,1.5,11.4,76.74,7,Dhaka,IQAir,Winter
12/24/2020,176.3,20.6,0,3.4,2,33.2,70.53,12,Mymensingh,EPA,Winter
12/25/2020,136.6,19.7,0,9.2,2.1,0.2,71.37,22,Rajshahi,PurpleAir,Winter
12/27/2020,174.6,19.2,0,9.2,1.9,2.1,69.05,12,Rangpur,PurpleAir,Winter
12/28/2020,212.7,19.3,0,8.1,1.7,4.8,69.38,12,Sylhet,IQAir,Winter
12/29/2020,202.7,20.5,0,11.4,1.9,2.1,64.93,12,Rangpur,EPA,Winter
12/31/2020,170.1,20.7,0,5.8,2,0,66.79,8,Khulna,PurpleAir,Winter
1/1/2021,153.5,20,0,6.1,2.1,0,67.93,21,Chittagong,EPA,Winter
1/3/2021,147.6,20.7,0,3.6,2.2,0,69,10,Rangpur,EPA,Winter
1/4/2021,181.4,20.8,0,3.6,2.1,6.4,71.21,22,Rajshahi,EPA,Winter
1/6/2021,187.8,22.6,0,3.6,2.1,12.3,66.61,8,Rangpur,IQAir,Winter
1/7/2021,219.9,22.7,0,3.8,1.9,10.4,68.06,15,Rangpur,PurpleAir,Winter
1/8/2021,191.5,23.2,0,6.9,2.1,13,65.82,15,Barishal,PurpleAir,Winter
1/10/2021,260.8,22.4,0,4.2,1.9,16,71.75,3,Mymensingh,PurpleAir,Winter
1/11/2021,266.6,23,0,3.4,1.6,16.7,74.79,17,Sylhet,EPA,Winter
1/13/2021,153.9,19.9,0,7,2.1,23.4,64.63,3,Sylhet,EPA,Winter
1/14/2021,181.7,19.4,0,6.8,2.2,31.2,64.27,8,Barishal,PurpleAir,Winter
1/16/2021,251.6,19.1,0,5.2,2,7.3,70.79,10,Chittagong,IQAir,Winter
1/17/2021,264.7,18.7,0,4.5,1.5,14,78.76,14,Sylhet,IQAir,Winter
1/18/2021,240.5,18.6,0,3.3,1.2,19.8,81.03,9,Rajshahi,PurpleAir,Winter
1/20/2021,320.4,20.5,0,5.2,0.9,70.6,82.51,2,Khulna,IQAir,Winter
1/21/2021,252.2,19.6,0,5.8,0.9,40.1,80.15,13,Khulna,PurpleAir,Winter
1/23/2021,202.9,18.7,0,4.7,0.8,50.8,83.43,17,Dhaka,EPA,Winter
1/24/2021,237.8,19,0,5.3,0.7,56.7,84.78,19,Dhaka,PurpleAir,Winter
1/26/2021,227,19.9,0,8.1,1.6,7,74.24,19,Mymensingh,PurpleAir,Winter
1/27/2021,174,19.1,0,8,1.5,11.1,75.36,4,Mymensingh,PurpleAir,Winter
1/28/2021,199.3,19,0,9.2,1.2,42.1,78.59,6,Barishal,EPA,Winter
1/30/2021,186,20.9,0,9.2,1.6,41.3,66.96,22,Barishal,IQAir,Winter
1/31/2021,204.7,19.3,0,9.2,1.5,14.7,67.86,19,Sylhet,IQAir,Winter
2/2/2021,199.9,18.6,0,9.3,1.7,14.1,73.57,14,Mymensingh,EPA,Winter
2/3/2021,180.4,19.8,0,9.2,1.9,0,63.49,20,Dhaka,PurpleAir,Winter
2/5/2021,166.3,22.5,0,5.2,2,3.5,68.01,10,Mymensingh,EPA,Winter
2/6/2021,151,22,0,11.4,1.9,10.4,69.1,14,Barishal,IQAir,Winter
2/7/2021,112.4,21,0,11.4,2.3,56,67.4,9,Chittagong,PurpleAir,Winter
2/9/2021,118.8,22,0,9.2,2.3,0,63.64,7,Rajshahi,PurpleAir,Winter
2/10/2021,165.6,22.4,0,9.1,2.2,15.1,62.4,11,Rajshahi,EPA,Winter
2/12/2021,257.8,22.9,0,4.7,1.8,59.5,66.85,19,Khulna,EPA,Winter
2/13/2021,225.4,21.6,0,7.6,1.8,35.3,68.59,9,Khulna,EPA,Winter
2/15/2021,277.4,23.2,0,3.6,1.6,36.2,69.59,21,Rajshahi,EPA,Winter
2/16/2021,247.1,23,0,5.2,1.5,13.3,70.21,6,Chittagong,PurpleAir,Winter
2/17/2021,183.2,22.8,0,6,1.8,50.4,66.4,7,Chittagong,EPA,Winter
2/19/2021,155.8,24.8,0,8.1,2.2,46.8,62.5,22,Rangpur,PurpleAir,Winter
2/20/2021,91.5,24.2,0,11.4,1.8,79,64.75,23,Rajshahi,IQAir,Winter
2/22/2021,142.2,24.1,0,10.3,2.4,0,56.96,23,Rangpur,EPA,Winter
2/23/2021,158,23.4,0,6.4,2.6,4.6,58.96,2,Chittagong,IQAir,Winter
2/25/2021,233.5,25.3,0,7.6,2.4,16,61.26,12,Dhaka,IQAir,Winter
2/26/2021,130,25.8,0,9.3,2.2,12.9,62.83,20,Rajshahi,IQAir,Winter
2/27/2021,115,26.2,0,10.3,2.3,1.9,61.41,6,Dhaka,EPA,Winter
3/1/2021,89.7,27.5,0,9.6,2.5,28.1,67.59,15,Rajshahi,IQAir,Spring
3/2/2021,102.5,26.9,0,11.4,2.3,15.6,62.18,18,Mymensingh,EPA,Spring
3/4/2021,142.3,26.2,0,11.4,2.3,0,60.42,19,Khulna,EPA,Spring
3/5/2021,115.6,26.9,0,12.7,2.3,30,61.86,21,Mymensingh,EPA,Spring
3/7/2021,91,27.3,0,11.4,2.1,48.1,66.59,20,Khulna,PurpleAir,Spring
3/8/2021,130.7,27.9,0,48.6,2.2,68.2,70.79,11,Chittagong,EPA,Spring
3/9/2021,79.2,27.7,0,11.4,2.4,62.4,64.67,7,Dhaka,IQAir,Spring
3/11/2021,96.5,27.7,0,9.2,2.4,69.8,68.44,9,Barishal,PurpleAir,Spring
3/12/2021,154.7,29,0,6.9,2.2,48.4,65.88,18,Rangpur,EPA,Spring
3/14/2021,95.7,26.8,0,11.4,2.3,19.9,62.91,16,Rangpur,PurpleAir,Spring
3/15/2021,153.6,27.8,0,10.3,2.3,10.4,56.04,2,Sylhet,PurpleAir,Spring
3/17/2021,152.6,27.5,0,12.8,2.2,14.8,58.67,22,Khulna,EPA,Spring
3/18/2021,232.2,28.7,0,5.8,2.3,19.4,57.04,6,Rangpur,PurpleAir,Spring
3/19/2021,245.8,28.7,0,11.4,2.2,49.1,60.03,17,Rangpur,IQAir,Spring
3/21/2021,318.4,29.2,0,5.8,2,51.4,60.61,12,Rangpur,EPA,Spring
3/22/2021,188.1,29.8,0,11.4,2.2,39.1,56.53,13,Barishal,PurpleAir,Spring
3/24/2021,195.7,30.4,0,9.2,2.3,14.8,57.57,4,Sylhet,IQAir,Spring
3/25/2021,127.1,31,0,11.4,2.3,25.8,56.88,18,Dhaka,PurpleAir,Spring
3/27/2021,149.1,30.1,0,11.4,2.3,5.5,53.35,1,Khulna,PurpleAir,Spring
3/28/2021,146.5,30.3,0,13.9,2.3,21.9,52.54,15,Khulna,PurpleAir,Spring
3/29/2021,157.7,30.1,0,18.3,2.1,27,61.65,17,Rangpur,EPA,Spring
3/31/2021,76.2,29.5,0,23,2.4,85.8,71.33,4,Dhaka,IQAir,Spring
4/1/2021,76,30.7,0,117.4,2.4,49.1,62.13,17,Dhaka,EPA,Spring
4/3/2021,111.3,30.8,0,9.2,2.3,43.6,60.29,14,Khulna,IQAir,Spring
4/4/2021,136.1,28.8,0,32.2,2.3,39.3,65.7,21,Barishal,EPA,Spring
4/6/2021,139.2,29.1,0,9.2,2.4,0,53.23,6,Sylhet,IQAir,Spring
4/7/2021,221.4,30.1,0,16.1,2.4,9.9,55.01,13,Chittagong,PurpleAir,Spring
4/10/2021,54.8,30.3,0,9.2,2.4,72.8,65.64,12,Rajshahi,IQAir,Spring
4/12/2021,91.5,31.3,0,11.4,2.4,42.3,59.4,2,Rangpur,IQAir,Spring
4/13/2021,64,31.7,0,15,2.5,15.6,57.59,22,Barishal,IQAir,Spring
4/15/2021,41.2,31.3,0,13.9,2.5,67,61.73,7,Sylhet,PurpleAir,Spring
4/16/2021,48.1,30.5,0,13.9,2.5,67.7,64.09,18,Sylhet,IQAir,Spring
4/18/2021,58.2,30.7,0,12.8,2.5,41.6,60.25,9,Rajshahi,PurpleAir,Spring
4/19/2021,35.9,30.6,0,18.3,2.5,16,64.31,2,Khulna,EPA,Spring
4/20/2021,33.5,31.4,0,18.3,2.5,30.8,61.72,2,Rangpur,IQAir,Spring
4/22/2021,58.2,30.3,0,16.1,2.5,87.9,66.97,6,Chittagong,PurpleAir,Spring
4/23/2021,74.8,30.3,0,16.1,2.5,68.6,62.36,20,Dhaka,PurpleAir,Spring
4/25/2021,122.2,31.8,0,11.4,2.5,15.7,56.81,12,Barishal,PurpleAir,Spring
4/26/2021,55.3,31.7,0,15,2.5,4.6,55.97,10,Mymensingh,IQAir,Spring
4/28/2021,58.7,32.5,0,11.4,2.5,39.1,56.01,23,Sylhet,EPA,Spring
4/29/2021,105.1,31,0,17.2,2.4,28.7,62.38,10,Dhaka,PurpleAir,Spring
4/30/2021,119,32.1,0,11.4,2.5,35.2,55.3,3,Barishal,IQAir,Spring
5/2/2021,107.6,30.7,0,13.9,2.5,64.6,62.87,9,Barishal,PurpleAir,Spring
5/3/2021,68,29,0,11.4,2.5,75.1,65.81,18,Mymensingh,PurpleAir,Spring
5/5/2021,127.1,29.5,0,11.4,2.3,77.4,67.89,5,Dhaka,PurpleAir,Spring
5/6/2021,65.1,28.6,0,11.4,2.5,64.9,70.79,10,Barishal,PurpleAir,Spring
5/8/2021,45.9,30.2,0,11.4,2.5,60.2,62.17,13,Chittagong,PurpleAir,Spring
5/9/2021,65.9,30.4,0,13.9,2.5,43.1,60.76,21,Rangpur,PurpleAir,Spring
5/10/2021,64.1,30.2,0,23,2.4,59.1,62.45,7,Barishal,IQAir,Spring
5/12/2021,57.2,28.9,0,9.2,2.5,63.5,64.75,18,Rangpur,EPA,Spring
5/13/2021,36.4,29,0,11.4,2.5,85.9,68.63,2,Sylhet,PurpleAir,Spring
5/15/2021,50.6,30.5,0,16.1,2.3,75.3,64.65,15,Mymensingh,PurpleAir,Spring
5/16/2021,31.4,29.7,0,11.4,2.5,87.4,69.84,15,Chittagong,IQAir,Spring
5/18/2021,22.2,30.3,0,18.3,2.4,79.1,72.52,20,Khulna,IQAir,Spring
5/19/2021,32.9,31.5,0,18.3,2.5,71.9,65.96,14,Mymensingh,EPA,Spring
5/20/2021,17.8,31.8,0,18.3,2.5,85.8,65,18,Rajshahi,IQAir,Spring
5/22/2021,23.4,32.5,0,13.9,2.5,33.6,60.09,13,Dhaka,EPA,Spring
5/23/2021,44.6,33,0,11.4,2.5,40.8,60.17,20,Khulna,IQAir,Spring
5/25/2021,11.7,29.7,0,11.4,2.5,90,76.53,10,Mymensingh,PurpleAir,Spring
5/26/2021,30.3,27.8,0,16.1,2.5,91.8,77.86,20,Khulna,EPA,Spring
5/28/2021,44.6,30.1,0,15,2.5,79.3,71.78,13,Rangpur,EPA,Spring
5/29/2021,62.9,31.3,0,16.1,2.5,52.3,66.14,12,Dhaka,EPA,Spring
5/30/2021,40.2,30.7,0,11.4,2.5,62.4,70.99,12,Dhaka,IQAir,Spring