username,email,password,minID,orgID,corpID
fm001,fm001@gmail.com,100mf,fminBan,,
fm002,fm002@gmail.com,200mf,fminBan,,
fm003,fm003@gmail.com,300mf,fminUK,,
fm004,fm004@gmail.com,400mf,fminUkr,,
fm005,fm005@gmail.com,500mf,fminUkr,,
fm006,fm006@gmail.com,600mf,fminUK,,
fm007,fm007@gmail.com,700mf,fminUSA,,
fm008,fm008@gmail.com,800mf,fminUSA,,
fm009,fm009@gmail.com,900mf,fminUkr,,
fm010,fm010@gmail.com,010mf,fminUkr,,
fm011,fm011@gmail.com,110mf,fminUkr,,
fm012,fm012@gmail.com,210mf,fminUkr,,
fm013,fm013@gmail.com,310mf,fminUK,,
fm014,fm014@gmail.com,410mf,fminBan,,
fm015,fm015@gmail.com,510mf,fminUkr,,
fm016,fm016@gmail.com,610mf,fminUSA,,
fm017,fm017@gmail.com,710mf,fminUSA,,
fm018,fm018@gmail.com,810mf,fminBan,,
fm019,fm019@gmail.com,910mf,fminUkr,,
fm020,fm020@gmail.com,020mf,fminUkr,,
fm021,fm021@gmail.com,120mf,fminBan,,
fm022,fm022@gmail.com,220mf,fminBan,,
fm023,fm023@gmail.com,320mf,fminUkr,,
fm024,fm024@gmail.com,420mf,fminUK,,
fm025,fm025@gmail.com,520mf,fminUK,,
fm026,fm026@gmail.com,620mf,fminUkr,,
fm027,fm027@gmail.com,720mf,fminBan,,
fm028,fm028@gmail.com,820mf,fminBan,,
fm029,fm029@gmail.com,920mf,fminUK,,
fm030,fm030@gmail.com,030mf,fminUSA,,
fm031,fm031@gmail.com,130mf,fminBan,,
fm032,fm032@gmail.com,230mf,fminBan,,
fm033,fm033@gmail.com,330mf,fminUSA,,
fm034,fm034@gmail.com,430mf,fminUSA,,
fm035,fm035@gmail.com,530mf,fminBan,,
fm036,fm036@gmail.com,630mf,fminBan,,
fm037,fm037@gmail.com,730mf,fminUkr,,
fm038,fm038@gmail.com,830mf,fminBan,,
fm039,fm039@gmail.com,930mf,fminUSA,,
fm040,fm040@gmail.com,040mf,fminUkr,,
fm041,fm041@gmail.com,140mf,fminUkr,,
fm042,fm042@gmail.com,240mf,fminUSA,,
fm043,fm043@gmail.com,340mf,fminBan,,
fm044,fm044@gmail.com,440mf,fminUK,,
fm045,fm045@gmail.com,540mf,fminUK,,
fm046,fm046@gmail.com,640mf,fminUSA,,
fm047,fm047@gmail.com,740mf,fminUSA,,
fm048,fm048@gmail.com,840mf,fminUkr,,
fm049,fm049@gmail.com,940mf,fminBan,,
epa001,epa001@gmail.com,100ape,,org1,
epa002,epa002@gmail.com,200ape,,org1,
epa003,epa003@gmail.com,300ape,,org1,
epa004,epa004@gmail.com,400ape,,org1,
epa005,epa005@gmail.com,500ape,,org1,
epa006,epa006@gmail.com,600ape,,org1,
epa007,epa007@gmail.com,700ape,,org1,
epa008,epa008@gmail.com,800ape,,org1,
epa009,epa009@gmail.com,900ape,,org1,
epa010,epa010@gmail.com,010ape,,org1,
epa011,epa011@gmail.com,110ape,,org1,
epa012,epa012@gmail.com,210ape,,org1,
epa013,epa013@gmail.com,310ape,,org1,
epa014,epa014@gmail.com,410ape,,org1,
epa015,epa015@gmail.com,510ape,,org1,
epa016,epa016@gmail.com,610ape,,org1,
epa017,epa017@gmail.com,710ape,,org1,
epa018,epa018@gmail.com,810ape,,org1,
epa019,epa019@gmail.com,910ape,,org1,
epa020,epa020@gmail.com,020ape,,org1,
epa021,epa021@gmail.com,120ape,,org1,
epa022,epa022@gmail.com,220ape,,org1,
epa023,epa023@gmail.com,320ape,,org1,
epa024,epa024@gmail.com,420ape,,org1,
epa025,epa025@gmail.com,520ape,,org1,
epa026,epa026@gmail.com,620ape,,org1,
epa027,epa027@gmail.com,720ape,,org1,
epa028,epa028@gmail.com,820ape,,org1,
epa029,epa029@gmail.com,920ape,,org1,
epa030,epa030@gmail.com,030ape,,org1,
epa031,epa031@gmail.com,130ape,,org1,
epa032,epa032@gmail.com,230ape,,org1,
epa033,epa033@gmail.com,330ape,,org1,
epa034,epa034@gmail.com,430ape,,org1,
epa035,epa035@gmail.com,530ape,,org1,
epa036,epa036@gmail.com,630ape,,org1,
epa037,epa037@gmail.com,730ape,,org1,
epa038,epa038@gmail.com,830ape,,org1,
epa039,epa039@gmail.com,930ape,,org1,
epa040,epa040@gmail.com,040ape,,org1,
epa041,epa041@gmail.com,140ape,,org1,
epa042,epa042@gmail.com,240ape,,org1,
epa043,epa043@gmail.com,340ape,,org1,
epa044,epa044@gmail.com,440ape,,org1,
epa045,epa045@gmail.com,540ape,,org1,
epa046,epa046@gmail.com,640ape,,org1,
epa047,epa047@gmail.com,740ape,,org1,
epa048,epa048@gmail.com,840ape,,org1,
epa049,epa049@gmail.com,940ape,,org1,
epa050,epa050@gmail.com,050ape,,org1,
epa051,epa051@gmail.com,150ape,,org1,
epa052,epa052@gmail.com,250ape,,org1,
epa053,epa053@gmail.com,350ape,,org1,
epa054,epa054@gmail.com,450ape,,org1,
epa055,epa055@gmail.com,550ape,,org1,
epa056,epa056@gmail.com,650ape,,org1,
epa057,epa057@gmail.com,750ape,,org1,
epa058,epa058@gmail.com,850ape,,org1,
epa059,epa059@gmail.com,950ape,,org1,
epa060,epa060@gmail.com,060ape,,org1,
epa061,epa061@gmail.com,160ape,,org1,
epa062,epa062@gmail.com,260ape,,org1,
epa063,epa063@gmail.com,360ape,,org1,
epa064,epa064@gmail.com,460ape,,org1,
epa065,epa065@gmail.com,560ape,,org1,
epa066,epa066@gmail.com,660ape,,org1,
epa067,epa067@gmail.com,760ape,,org1,
epa068,epa068@gmail.com,860ape,,org1,
epa069,epa069@gmail.com,960ape,,org1,
epa070,epa070@gmail.com,070ape,,org1,
epa071,epa071@gmail.com,170ape,,org1,
epa072,epa072@gmail.com,270ape,,org1,
epa073,epa073@gmail.com,370ape,,org1,
epa074,epa074@gmail.com,470ape,,org1,
epa075,epa075@gmail.com,570ape,,org1,
epa076,epa076@gmail.com,670ape,,org1,
epa077,epa077@gmail.com,770ape,,org1,
epa078,epa078@gmail.com,870ape,,org1,
epa079,epa079@gmail.com,970ape,,org1,
epa080,epa080@gmail.com,080ape,,org1,
epa081,epa081@gmail.com,180ape,,org1,
epa082,epa082@gmail.com,280ape,,org1,
epa083,epa083@gmail.com,380ape,,org1,
epa084,epa084@gmail.com,480ape,,org1,
epa085,epa085@gmail.com,580ape,,org1,
epa086,epa086@gmail.com,680ape,,org1,
epa087,epa087@gmail.com,780ape,,org1,
epa088,epa088@gmail.com,880ape,,org1,
epa089,epa089@gmail.com,980ape,,org1,
epa090,epa090@gmail.com,090ape,,org1,
epa091,epa091@gmail.com,190ape,,org1,
epa092,epa092@gmail.com,290ape,,org1,
epa093,epa093@gmail.com,390ape,,org1,
epa094,epa094@gmail.com,490ape,,org1,
epa095,epa095@gmail.com,590ape,,org1,
epa096,epa096@gmail.com,690ape,,org1,
epa097,epa097@gmail.com,790ape,,org1,
epa098,epa098@gmail.com,890ape,,org1,
epa099,epa099@gmail.com,990ape,,org1,
epa100,epa100@gmail.com,001ape,,org1,
epa101,epa101@gmail.com,101ape,,org1,
epa102,epa102@gmail.com,201ape,,org1,
epa103,epa103@gmail.com,301ape,,org1,
epa104,epa104@gmail.com,401ape,,org1,
epa105,epa105@gmail.com,501ape,,org1,
epa106,epa106@gmail.com,601ape,,org1,
epa107,epa107@gmail.com,701ape,,org1,
epa108,epa108@gmail.com,801ape,,org1,
epa109,epa109@gmail.com,901ape,,org1,
epa110,epa110@gmail.com,011ape,,org1,
epa111,epa111@gmail.com,111ape,,org1,
epa112,epa112@gmail.com,211ape,,org1,
epa113,epa113@gmail.com,311ape,,org1,
epa114,epa114@gmail.com,411ape,,org1,
epa115,epa115@gmail.com,511ape,,org1,
epa116,epa116@gmail.com,611ape,,org1,
epa117,epa117@gmail.com,711ape,,org1,
epa118,epa118@gmail.com,811ape,,org1,
epa119,epa119@gmail.com,911ape,,org1,
epa120,epa120@gmail.com,021ape,,org1,
epa121,epa121@gmail.com,121ape,,org1,
epa122,epa122@gmail.com,221ape,,org1,
epa123,epa123@gmail.com,321ape,,org1,
epa124,epa124@gmail.com,421ape,,org1,
epa125,epa125@gmail.com,521ape,,org1,
epa126,epa126@gmail.com,621ape,,org1,
epa127,epa127@gmail.com,721ape,,org1,
epa128,epa128@gmail.com,821ape,,org1,
epa129,epa129@gmail.com,921ape,,org1,
epa130,epa130@gmail.com,031ape,,org1,
epa131,epa131@gmail.com,131ape,,org1,
epa132,epa132@gmail.com,231ape,,org1,
epa133,epa133@gmail.com,331ape,,org1,
epa134,epa134@gmail.com,431ape,,org1,
epa135,epa135@gmail.com,531ape,,org1,
epa136,epa136@gmail.com,631ape,,org1,
epa137,epa137@gmail.com,731ape,,org1,
epa138,epa138@gmail.com,831ape,,org1,
epa139,epa139@gmail.com,931ape,,org1,
epa140,epa140@gmail.com,041ape,,org1,
epa141,epa141@gmail.com,141ape,,org1,
epa142,epa142@gmail.com,241ape,,org1,
epa143,epa143@gmail.com,341ape,,org1,
epa144,epa144@gmail.com,441ape,,org1,
epa145,epa145@gmail.com,541ape,,org1,
epa146,epa146@gmail.com,641ape,,org1,
epa147,epa147@gmail.com,741ape,,org1,
epa148,epa148@gmail.com,841ape,,org1,
epa149,epa149@gmail.com,941ape,,org1,
epa150,epa150@gmail.com,051ape,,org1,
epa151,epa151@gmail.com,151ape,,org1,
epa152,epa152@gmail.com,251ape,,org1,
epa153,epa153@gmail.com,351ape,,org1,
epa154,epa154@gmail.com,451ape,,org1,
epa155,epa155@gmail.com,551ape,,org1,
epa156,epa156@gmail.com,651ape,,org1,
epa157,epa157@gmail.com,751ape,,org1,
epa158,epa158@gmail.com,851ape,,org1,
epa159,epa159@gmail.com,951ape,,org1,
epa160,epa160@gmail.com,061ape,,org1,
epa161,epa161@gmail.com,161ape,,org1,
epa162,epa162@gmail.com,261ape,,org1,
epa163,epa163@gmail.com,361ape,,org1,
pa001,pa001@gmail.com,100ap,,org2,
pa002,pa002@gmail.com,200ap,,org2,
pa003,pa003@gmail.com,300ap,,org2,
pa004,pa004@gmail.com,400ap,,org2,
pa005,pa005@gmail.com,500ap,,org2,
pa006,pa006@gmail.com,600ap,,org2,
pa007,pa007@gmail.com,700ap,,org2,
pa008,pa008@gmail.com,800ap,,org2,
pa009,pa009@gmail.com,900ap,,org2,
pa010,pa010@gmail.com,010ap,,org2,
pa011,pa011@gmail.com,110ap,,org2,
pa012,pa012@gmail.com,210ap,,org2,
pa013,pa013@gmail.com,310ap,,org2,
pa014,pa014@gmail.com,410ap,,org2,
pa015,pa015@gmail.com,510ap,,org2,
pa016,pa016@gmail.com,610ap,,org2,
pa017,pa017@gmail.com,710ap,,org2,
pa018,pa018@gmail.com,810ap,,org2,
pa019,pa019@gmail.com,910ap,,org2,
pa020,pa020@gmail.com,020ap,,org2,
pa021,pa021@gmail.com,120ap,,org2,
pa022,pa022@gmail.com,220ap,,org2,
pa023,pa023@gmail.com,320ap,,org2,
pa024,pa024@gmail.com,420ap,,org2,
pa025,pa025@gmail.com,520ap,,org2,
pa026,pa026@gmail.com,620ap,,org2,
pa027,pa027@gmail.com,720ap,,org2,
pa028,pa028@gmail.com,820ap,,org2,
pa029,pa029@gmail.com,920ap,,org2,
pa030,pa030@gmail.com,030ap,,org2,
pa031,pa031@gmail.com,130ap,,org2,
pa032,pa032@gmail.com,230ap,,org2,
pa033,pa033@gmail.com,330ap,,org2,
pa034,pa034@gmail.com,430ap,,org2,
pa035,pa035@gmail.com,530ap,,org2,
pa036,pa036@gmail.com,630ap,,org2,
pa037,pa037@gmail.com,730ap,,org2,
pa038,pa038@gmail.com,830ap,,org2,
pa039,pa039@gmail.com,930ap,,org2,
pa040,pa040@gmail.com,040ap,,org2,
pa041,pa041@gmail.com,140ap,,org2,
pa042,pa042@gmail.com,240ap,,org2,
pa043,pa043@gmail.com,340ap,,org2,
pa044,pa044@gmail.com,440ap,,org2,
pa045,pa045@gmail.com,540ap,,org2,
pa046,pa046@gmail.com,640ap,,org2,
pa047,pa047@gmail.com,740ap,,org2,
pa048,pa048@gmail.com,840ap,,org2,
pa049,pa049@gmail.com,940ap,,org2,
pa050,pa050@gmail.com,050ap,,org2,
pa051,pa051@gmail.com,150ap,,org2,
pa052,pa052@gmail.com,250ap,,org2,
pa053,pa053@gmail.com,350ap,,org2,
pa054,pa054@gmail.com,450ap,,org2,
pa055,pa055@gmail.com,550ap,,org2,
pa056,pa056@gmail.com,650ap,,org2,
pa057,pa057@gmail.com,750ap,,org2,
pa058,pa058@gmail.com,850ap,,org2,
pa059,pa059@gmail.com,950ap,,org2,
pa060,pa060@gmail.com,060ap,,org2,
pa061,pa061@gmail.com,160ap,,org2,
pa062,pa062@gmail.com,260ap,,org2,
pa063,pa063@gmail.com,360ap,,org2,
pa064,pa064@gmail.com,460ap,,org2,
pa065,pa065@gmail.com,560ap,,org2,
pa066,pa066@gmail.com,660ap,,org2,
pa067,pa067@gmail.com,760ap,,org2,
pa068,pa068@gmail.com,860ap,,org2,
pa069,pa069@gmail.com,960ap,,org2,
pa070,pa070@gmail.com,070ap,,org2,
pa071,pa071@gmail.com,170ap,,org2,
pa072,pa072@gmail.com,270ap,,org2,
pa073,pa073@gmail.com,370ap,,org2,
pa074,pa074@gmail.com,470ap,,org2,
pa075,pa075@gmail.com,570ap,,org2,
pa076,pa076@gmail.com,670ap,,org2,
pa077,pa077@gmail.com,770ap,,org2,
pa078,pa078@gmail.com,870ap,,org2,
pa079,pa079@gmail.com,970ap,,org2,
pa080,pa080@gmail.com,080ap,,org2,
pa081,pa081@gmail.com,180ap,,org2,
pa082,pa082@gmail.com,280ap,,org2,
pa083,pa083@gmail.com,380ap,,org2,
pa084,pa084@gmail.com,480ap,,org2,
pa085,pa085@gmail.com,580ap,,org2,
pa086,pa086@gmail.com,680ap,,org2,
pa087,pa087@gmail.com,780ap,,org2,
pa088,pa088@gmail.com,880ap,,org2,
pa089,pa089@gmail.com,980ap,,org2,
pa090,pa090@gmail.com,090ap,,org2,
pa091,pa091@gmail.com,190ap,,org2,
pa092,pa092@gmail.com,290ap,,org2,
pa093,pa093@gmail.com,390ap,,org2,
pa094,pa094@gmail.com,490ap,,org2,
pa095,pa095@gmail.com,590ap,,org2,
pa096,pa096@gmail.com,690ap,,org2,
pa097,pa097@gmail.com,790ap,,org2,
pa098,pa098@gmail.com,890ap,,org2,
pa099,pa099@gmail.com,990ap,,org2,
pa100,pa100@gmail.com,001ap,,org2,
pa101,pa101@gmail.com,101ap,,org2,
pa102,pa102@gmail.com,201ap,,org2,
pa103,pa103@gmail.com,301ap,,org2,
pa104,pa104@gmail.com,401ap,,org2,
pa105,pa105@gmail.com,501ap,,org2,
pa106,pa106@gmail.com,601ap,,org2,
pa107,pa107@gmail.com,701ap,,org2,
pa108,pa108@gmail.com,801ap,,org2,
pa109,pa109@gmail.com,901ap,,org2,
pa110,pa110@gmail.com,011ap,,org2,
pa111,pa111@gmail.com,111ap,,org2,
pa112,pa112@gmail.com,211ap,,org2,
pa113,pa113@gmail.com,311ap,,org2,
pa114,pa114@gmail.com,411ap,,org2,
pa115,pa115@gmail.com,511ap,,org2,
pa116,pa116@gmail.com,611ap,,org2,
pa117,pa117@gmail.com,711ap,,org2,
pa118,pa118@gmail.com,811ap,,org2,
pa119,pa119@gmail.com,911ap,,org2,
pa120,pa120@gmail.com,021ap,,org2,
pa121,pa121@gmail.com,121ap,,org2,
pa122,pa122@gmail.com,221ap,,org2,
pa123,pa123@gmail.com,321ap,,org2,
pa124,pa124@gmail.com,421ap,,org2,
pa125,pa125@gmail.com,521ap,,org2,
pa126,pa126@gmail.com,621ap,,org2,
pa127,pa127@gmail.com,721ap,,org2,
pa128,pa128@gmail.com,821ap,,org2,
pa129,pa129@gmail.com,921ap,,org2,
pa130,pa130@gmail.com,031ap,,org2,
pa131,pa131@gmail.com,131ap,,org2,
pa132,pa132@gmail.com,231ap,,org2,
pa133,pa133@gmail.com,331ap,,org2,
pa134,pa134@gmail.com,431ap,,org2,
pa135,pa135@gmail.com,531ap,,org2,
pa136,pa136@gmail.com,631ap,,org2,
pa137,pa137@gmail.com,731ap,,org2,
pa138,pa138@gmail.com,831ap,,org2,
pa139,pa139@gmail.com,931ap,,org2,
pa140,pa140@gmail.com,041ap,,org2,
pa141,pa141@gmail.com,141ap,,org2,
pa142,pa142@gmail.com,241ap,,org2,
pa143,pa143@gmail.com,341ap,,org2,
pa144,pa144@gmail.com,441ap,,org2,
pa145,pa145@gmail.com,541ap,,org2,
pa146,pa146@gmail.com,641ap,,org2,
pa147,pa147@gmail.com,741ap,,org2,
pa148,pa148@gmail.com,841ap,,org2,
pa149,pa149@gmail.com,941ap,,org2,
pa150,pa150@gmail.com,051ap,,org2,
pa151,pa151@gmail.com,151ap,,org2,
pa152,pa152@gmail.com,251ap,,org2,
pa153,pa153@gmail.com,351ap,,org2,
pa154,pa154@gmail.com,451ap,,org2,
pa155,pa155@gmail.com,551ap,,org2,
pa156,pa156@gmail.com,651ap,,org2,
iqa001,iqa001@gmail.com,100aqi,,org3,
iqa002,iqa002@gmail.com,200aqi,,org3,
iqa003,iqa003@gmail.com,300aqi,,org3,
iqa004,iqa004@gmail.com,400aqi,,org3,
iqa005,iqa005@gmail.com,500aqi,,org3,
iqa006,iqa006@gmail.com,600aqi,,org3,
iqa007,iqa007@gmail.com,700aqi,,org3,
iqa008,iqa008@gmail.com,800aqi,,org3,
iqa009,iqa009@gmail.com,900aqi,,org3,
iqa010,iqa010@gmail.com,010aqi,,org3,
iqa011,iqa011@gmail.com,110aqi,,org3,
iqa012,iqa012@gmail.com,210aqi,,org3,
iqa013,iqa013@gmail.com,310aqi,,org3,
iqa014,iqa014@gmail.com,410aqi,,org3,
iqa015,iqa015@gmail.com,510aqi,,org3,
iqa016,iqa016@gmail.com,610aqi,,org3,
iqa017,iqa017@gmail.com,710aqi,,org3,
iqa018,iqa018@gmail.com,810aqi,,org3,
iqa019,iqa019@gmail.com,910aqi,,org3,
iqa020,iqa020@gmail.com,020aqi,,org3,
iqa021,iqa021@gmail.com,120aqi,,org3,
iqa022,iqa022@gmail.com,220aqi,,org3,
iqa023,iqa023@gmail.com,320aqi,,org3,
iqa024,iqa024@gmail.com,420aqi,,org3,
iqa025,iqa025@gmail.com,520aqi,,org3,
iqa026,iqa026@gmail.com,620aqi,,org3,
iqa027,iqa027@gmail.com,720aqi,,org3,
iqa028,iqa028@gmail.com,820aqi,,org3,
iqa029,iqa029@gmail.com,920aqi,,org3,
iqa030,iqa030@gmail.com,030aqi,,org3,
iqa031,iqa031@gmail.com,130aqi,,org3,
iqa032,iqa032@gmail.com,230aqi,,org3,
iqa033,iqa033@gmail.com,330aqi,,org3,
iqa034,iqa034@gmail.com,430aqi,,org3,
iqa035,iqa035@gmail.com,530aqi,,org3,
iqa036,iqa036@gmail.com,630aqi,,org3,
iqa037,iqa037@gmail.com,730aqi,,org3,
iqa038,iqa038@gmail.com,830aqi,,org3,
iqa039,iqa039@gmail.com,930aqi,,org3,
iqa040,iqa040@gmail.com,040aqi,,org3,
iqa041,iqa041@gmail.com,140aqi,,org3,
iqa042,iqa042@gmail.com,240aqi,,org3,
iqa043,iqa043@gmail.com,340aqi,,org3,
iqa044,iqa044@gmail.com,440aqi,,org3,
iqa045,iqa045@gmail.com,540aqi,,org3,
iqa046,iqa046@gmail.com,640aqi,,org3,
iqa047,iqa047@gmail.com,740aqi,,org3,
iqa048,iqa048@gmail.com,840aqi,,org3,
iqa049,iqa049@gmail.com,940aqi,,org3,
iqa050,iqa050@gmail.com,050aqi,,org3,
iqa051,iqa051@gmail.com,150aqi,,org3,
iqa052,iqa052@gmail.com,250aqi,,org3,
iqa053,iqa053@gmail.com,350aqi,,org3,
iqa054,iqa054@gmail.com,450aqi,,org3,
iqa055,iqa055@gmail.com,550aqi,,org3,
iqa056,iqa056@gmail.com,650aqi,,org3,
iqa057,iqa057@gmail.com,750aqi,,org3,
iqa058,iqa058@gmail.com,850aqi,,org3,
iqa059,iqa059@gmail.com,950aqi,,org3,
iqa060,iqa060@gmail.com,060aqi,,org3,
iqa061,iqa061@gmail.com,160aqi,,org3,
iqa062,iqa062@gmail.com,260aqi,,org3,
iqa063,iqa063@gmail.com,360aqi,,org3,
iqa064,iqa064@gmail.com,460aqi,,org3,
iqa065,iqa065@gmail.com,560aqi,,org3,
iqa066,iqa066@gmail.com,660aqi,,org3,
iqa067,iqa067@gmail.com,760aqi,,org3,
iqa068,iqa068@gmail.com,860aqi,,org3,
iqa069,iqa069@gmail.com,960aqi,,org3,
iqa070,iqa070@gmail.com,070aqi,,org3,
iqa071,iqa071@gmail.com,170aqi,,org3,
iqa072,iqa072@gmail.com,270aqi,,org3,
iqa073,iqa073@gmail.com,370aqi,,org3,
iqa074,iqa074@gmail.com,470aqi,,org3,
iqa075,iqa075@gmail.com,570aqi,,org3,
iqa076,iqa076@gmail.com,670aqi,,org3,
iqa077,iqa077@gmail.com,770aqi,,org3,
iqa078,iqa078@gmail.com,870aqi,,org3,
iqa079,iqa079@gmail.com,970aqi,,org3,
iqa080,iqa080@gmail.com,080aqi,,org3,
iqa081,iqa081@gmail.com,180aqi,,org3,
iqa082,iqa082@gmail.com,280aqi,,org3,
iqa083,iqa083@gmail.com,380aqi,,org3,
iqa084,iqa084@gmail.com,480aqi,,org3,
iqa085,iqa085@gmail.com,580aqi,,org3,
iqa086,iqa086@gmail.com,680aqi,,org3,
iqa087,iqa087@gmail.com,780aqi,,org3,
iqa088,iqa088@gmail.com,880aqi,,org3,
iqa089,iqa089@gmail.com,980aqi,,org3,
iqa090,iqa090@gmail.com,090aqi,,org3,
iqa091,iqa091@gmail.com,190aqi,,org3,
iqa092,iqa092@gmail.com,290aqi,,org3,
iqa093,iqa093@gmail.com,390aqi,,org3,
iqa094,iqa094@gmail.com,490aqi,,org3,
iqa095,iqa095@gmail.com,590aqi,,org3,
iqa096,iqa096@gmail.com,690aqi,,org3,
iqa097,iqa097@gmail.com,790aqi,,org3,
iqa098,iqa098@gmail.com,890aqi,,org3,
iqa099,iqa099@gmail.com,990aqi,,org3,
iqa100,iqa100@gmail.com,001aqi,,org3,
iqa101,iqa101@gmail.com,101aqi,,org3,
iqa102,iqa102@gmail.com,201aqi,,org3,
iqa103,iqa103@gmail.com,301aqi,,org3,
iqa104,iqa104@gmail.com,401aqi,,org3,
iqa105,iqa105@gmail.com,501aqi,,org3,
iqa106,iqa106@gmail.com,601aqi,,org3,
iqa107,iqa107@gmail.com,701aqi,,org3,
iqa108,iqa108@gmail.com,801aqi,,org3,
iqa109,iqa109@gmail.com,901aqi,,org3,
iqa110,iqa110@gmail.com,011aqi,,org3,
iqa111,iqa111@gmail.com,111aqi,,org3,
iqa112,iqa112@gmail.com,211aqi,,org3,
iqa113,iqa113@gmail.com,311aqi,,org3,
iqa114,iqa114@gmail.com,411aqi,,org3,
iqa115,iqa115@gmail.com,511aqi,,org3,
iqa116,iqa116@gmail.com,611aqi,,org3,
iqa117,iqa117@gmail.com,711aqi,,org3,
iqa118,iqa118@gmail.com,811aqi,,org3,
iqa119,iqa119@gmail.com,911aqi,,org3,
iqa120,iqa120@gmail.com,021aqi,,org3,
iqa121,iqa121@gmail.com,121aqi,,org3,
iqa122,iqa122@gmail.com,221aqi,,org3,
iqa123,iqa123@gmail.com,321aqi,,org3,
iqa124,iqa124@gmail.com,421aqi,,org3,
iqa125,iqa125@gmail.com,521aqi,,org3,
iqa126,iqa126@gmail.com,621aqi,,org3,
iqa127,iqa127@gmail.com,721aqi,,org3,
iqa128,iqa128@gmail.com,821aqi,,org3,
iqa129,iqa129@gmail.com,921aqi,,org3,
iqa130,iqa130@gmail.com,031aqi,,org3,
iqa131,iqa131@gmail.com,131aqi,,org3,
iqa132,iqa132@gmail.com,231aqi,,org3,
iqa133,iqa133@gmail.com,331aqi,,org3,
iqa134,iqa134@gmail.com,431aqi,,org3,
iqa135,iqa135@gmail.com,531aqi,,org3,
iqa136,iqa136@gmail.com,631aqi,,org3,
corp1,corp1@gmail.com,1proc,,,corpBan7
corp2,corp2@gmail.com,2proc,,,corpUSA1
corp3,corp3@gmail.com,3proc,,,corpUK1
corp4,corp4@gmail.com,4proc,,,corpUK8
corp5,corp5@gmail.com,5proc,,,corpUK3
corp6,corp6@gmail.com,6proc,,,corUkr5
corp7,corp7@gmail.com,7proc,,,corpUSA1
corp8,corp8@gmail.com,8proc,,,corUkr4
corp9,corp9@gmail.com,9proc,,,corpUSA13
corp10,corp10@gmail.com,01proc,,,corpUSA11
corp11,corp11@gmail.com,11proc,,,corpUK15
corp12,corp12@gmail.com,21proc,,,corpUK15
corp13,corp13@gmail.com,31proc,,,corUkr7
corp14,corp14@gmail.com,41proc,,,corpBan11
corp15,corp15@gmail.com,51proc,,,corpUK15
corp16,corp16@gmail.com,61proc,,,corpUK13
corp17,corp17@gmail.com,71proc,,,corpUSA4
corp18,corp18@gmail.com,81proc,,,corpUSA1
corp19,corp19@gmail.com,91proc,,,corUkr10
corp20,corp20@gmail.com,02proc,,,corUkr1
corp21,corp21@gmail.com,12proc,,,corpBan5
corp22,corp22@gmail.com,22proc,,,corpUK1
corp23,corp23@gmail.com,32proc,,,corpUK4
corp24,corp24@gmail.com,42proc,,,corpUSA6
corp25,corp25@gmail.com,52proc,,,corpUK9
corp26,corp26@gmail.com,62proc,,,corUkr6
corp27,corp27@gmail.com,72proc,,,corUkr8
corp28,corp28@gmail.com,82proc,,,corpBan12
corp29,corp29@gmail.com,92proc,,,corUkr11
corp30,corp30@gmail.com,03proc,,,corpBan1
corp31,corp31@gmail.com,13proc,,,corUkr1
corp32,corp32@gmail.com,23proc,,,corUkr12
corp33,corp33@gmail.com,33proc,,,corpUK1
corp34,corp34@gmail.com,43proc,,,corpUSA5
corp35,corp35@gmail.com,53proc,,,corpUK1
corp36,corp36@gmail.com,63proc,,,corpUSA2
corp37,corp37@gmail.com,73proc,,,corpBan12
corp38,corp38@gmail.com,83proc,,,corpUSA3
corp39,corp39@gmail.com,93proc,,,corUkr11
corp40,corp40@gmail.com,04proc,,,corpUSA14
corp41,corp41@gmail.com,14proc,,,corpBan4
corp42,corp42@gmail.com,24proc,,,corUkr2
corp43,corp43@gmail.com,34proc,,,corpUK6
corp44,corp44@gmail.com,44proc,,,corUkr5
corp45,corp45@gmail.com,54proc,,,corpUSA13
corp46,corp46@gmail.com,64proc,,,corpUSA12
corp47,corp47@gmail.com,74proc,,,corpBan9
corp48,corp48@gmail.com,84proc,,,corpUSA2
corp49,corp49@gmail.com,94proc,,,corpUK3
corp50,corp50@gmail.com,05proc,,,corUkr7
corp51,corp51@gmail.com,15proc,,,corpUK8
corp52,corp52@gmail.com,25proc,,,corpBan2
corp53,corp53@gmail.com,35proc,,,corpUSA12
corp54,corp54@gmail.com,45proc,,,corpUSA8
corp55,corp55@gmail.com,55proc,,,corpUSA5
corp56,corp56@gmail.com,65proc,,,corUkr12
corp57,corp57@gmail.com,75proc,,,corUkr2
corp58,corp58@gmail.com,85proc,,,corUkr4
corp59,corp59@gmail.com,95proc,,,corpUK5
corp60,corp60@gmail.com,06proc,,,corUkr6
corp61,corp61@gmail.com,16proc,,,corUkr7
corp62,corp62@gmail.com,26proc,,,corpUK14
corp63,corp63@gmail.com,36proc,,,corpUK6
corp64,corp64@gmail.com,46proc,,,corUkr4
corp65,corp65@gmail.com,56proc,,,corpUSA15
corp66,corp66@gmail.com,66proc,,,corpUSA10
corp67,corp67@gmail.com,76proc,,,corpBan4
corp68,corp68@gmail.com,86proc,,,corpUK12
corp69,corp69@gmail.com,96proc,,,corpUK12
corp70,corp70@gmail.com,07proc,,,corpUSA8
corp71,corp71@gmail.com,17proc,,,corpUK4
corp72,corp72@gmail.com,27proc,,,corpUK13
corp73,corp73@gmail.com,37proc,,,corpBan9
corp74,corp74@gmail.com,47proc,,,corpUK12
corp75,corp75@gmail.com,57proc,,,corpUSA10
corp76,corp76@gmail.com,67proc,,,corpUK4
corp77,corp77@gmail.com,77proc,,,corpUK14
corp78,corp78@gmail.com,87proc,,,corpUSA8
corp79,corp79@gmail.com,97proc,,,corpBan11
corp80,corp80@gmail.com,08proc,,,corpUK4
corp81,corp81@gmail.com,18proc,,,corpUSA1
corp82,corp82@gmail.com,28proc,,,corpUSA12
corp83,corp83@gmail.com,38proc,,,corUkr10
corp84,corp84@gmail.com,48proc,,,corpUK4
corp85,corp85@gmail.com,58proc,,,corUkr7
corp86,corp86@gmail.com,68proc,,,corpUK2
corp87,corp87@gmail.com,78proc,,,corUkr8
corp88,corp88@gmail.com,88proc,,,corUkr8
corp89,corp89@gmail.com,98proc,,,corpUK2
corp90,corp90@gmail.com,09proc,,,corpBan10
corp91,corp91@gmail.com,19proc,,,corUkr9
corp92,corp92@gmail.com,29proc,,,corpBan4
corp93,corp93@gmail.com,39proc,,,corpUSA13
corp94,corp94@gmail.com,49proc,,,corpUSA15
corp95,corp95@gmail.com,59proc,,,corpUSA10
corp96,corp96@gmail.com,69proc,,,corpUSA13
corp97,corp97@gmail.com,79proc,,,corUkr7
corp98,corp98@gmail.com,89proc,,,corpBan4
corp99,corp99@gmail.com,99proc,,,corpUK3
corp100,corp100@gmail.com,001proc,,,corpBan5
corp101,corp101@gmail.com,101proc,,,corpUSA7
corp102,corp102@gmail.com,201proc,,,corUkr7
corp103,corp103@gmail.com,301proc,,,corpBan12
corp104,corp104@gmail.com,401proc,,,corUkr6
corp105,corp105@gmail.com,501proc,,,corpUSA12
corp106,corp106@gmail.com,601proc,,,corUkr8
corp107,corp107@gmail.com,701proc,,,corpBan7
corp108,corp108@gmail.com,801proc,,,corpUK10
corp109,corp109@gmail.com,901proc,,,corpUK10
corp110,corp110@gmail.com,011proc,,,corpUK3
corp111,corp111@gmail.com,111proc,,,corpBan2
corp112,corp112@gmail.com,211proc,,,corpUSA10
corp113,corp113@gmail.com,311proc,,,corUkr7
corp114,corp114@gmail.com,411proc,,,corpBan11
corp115,corp115@gmail.com,511proc,,,corpUK15
corp116,corp116@gmail.com,611proc,,,corpUK13
corp117,corp117@gmail.com,711proc,,,corpBan10
corp118,corp118@gmail.com,811proc,,,corpUK11
corp119,corp119@gmail.com,911proc,,,corpBan8
corp120,corp120@gmail.com,021proc,,,corpBan3
corp121,corp121@gmail.com,121proc,,,corUkr5
corp122,corp122@gmail.com,221proc,,,corUkr4
corp123,corp123@gmail.com,321proc,,,corUkr3
corp124,corp124@gmail.com,421proc,,,corpBan10
corp125,corp125@gmail.com,521proc,,,corpUSA14
corp126,corp126@gmail.com,621proc,,,corpBan11
corp127,corp127@gmail.com,721proc,,,corpBan2
corp128,corp128@gmail.com,821proc,,,corpUK7
corp129,corp129@gmail.com,921proc,,,corpBan8
corp130,corp130@gmail.com,031proc,,,corUkr10
corp131,corp131@gmail.com,131proc,,,corpUSA4
corp132,corp132@gmail.com,231proc,,,corpUSA15
corp133,corp133@gmail.com,331proc,,,corpUSA7
corp134,corp134@gmail.com,431proc,,,corpUK15
corp135,corp135@gmail.com,531proc,,,corpBan10
corp136,corp136@gmail.com,631proc,,,corpUK3
corp137,corp137@gmail.com,731proc,,,corpUK11
corp138,corp138@gmail.com,831proc,,,corpBan11
corp139,corp139@gmail.com,931proc,,,corpUK3
corp140,corp140@gmail.com,041proc,,,corpBan3
corp141,corp141@gmail.com,141proc,,,corpBan11
corp142,corp142@gmail.com,241proc,,,corpUK11
corp143,corp143@gmail.com,341proc,,,corpUK4
corp144,corp144@gmail.com,441proc,,,corUkr6
corp145,corp145@gmail.com,541proc,,,corUkr6
corp146,corp146@gmail.com,641proc,,,corpBan3
corp147,corp147@gmail.com,741proc,,,corpBan3
corp148,corp148@gmail.com,841proc,,,corpUSA4
corp149,corp149@gmail.com,941proc,,,corUkr4
corp150,corp150@gmail.com,051proc,,,corpBan7
corp151,corp151@gmail.com,151proc,,,corpUK8
corp152,corp152@gmail.com,251proc,,,corpBan1
corp153,corp153@gmail.com,351proc,,,corpUSA9
corp154,corp154@gmail.com,451proc,,,corpUSA7
corp155,corp155@gmail.com,551proc,,,corpUK7
corp156,corp156@gmail.com,651proc,,,corpBan8
corp157,corp157@gmail.com,751proc,,,corpUK8
corp158,corp158@gmail.com,851proc,,,corUkr7
corp159,corp159@gmail.com,951proc,,,corUkr7
corp160,corp160@gmail.com,061proc,,,corpUSA7
corp161,corp161@gmail.com,161proc,,,corpUSA2
corp162,corp162@gmail.com,261proc,,,corpUK1
corp163,corp163@gmail.com,361proc,,,corpBan12
corp164,corp164@gmail.com,461proc,,,corpUSA4
corp165,corp165@gmail.com,561proc,,,corUkr9
corp166,corp166@gmail.com,661proc,,,corpUK3
corp167,corp167@gmail.com,761proc,,,corpUK13
corp168,corp168@gmail.com,861proc,,,corUkr3
corp169,corp169@gmail.com,961proc,,,corpUK12
corp170,corp170@gmail.com,071proc,,,corpBan11
corp171,corp171@gmail.com,171proc,,,corpUK7
corp172,corp172@gmail.com,271proc,,,corpUK8
corp173,corp173@gmail.com,371proc,,,corpUK3
corp174,corp174@gmail.com,471proc,,,corpBan11
corp175,corp175@gmail.com,571proc,,,corpBan11
corp176,corp176@gmail.com,671proc,,,corpBan6
corp177,corp177@gmail.com,771proc,,,corpUSA2
corp178,corp178@gmail.com,871proc,,,corpUK4
corp179,corp179@gmail.com,971proc,,,corpUK10
corp180,corp180@gmail.com,081proc,,,corpUSA14
corp181,corp181@gmail.com,181proc,,,corpUSA3
corp182,corp182@gmail.com,281proc,,,corpUK6
corp183,corp183@gmail.com,381proc,,,corpUSA8
corp184,corp184@gmail.com,481proc,,,corpUK4
corp185,corp185@gmail.com,581proc,,,corpUSA3
corp186,corp186@gmail.com,681proc,,,corpUK12
corp187,corp187@gmail.com,781proc,,,corpUK11
corp188,corp188@gmail.com,881proc,,,corpUK8
corp189,corp189@gmail.com,981proc,,,corpUK5
corp190,corp190@gmail.com,091proc,,,corpBan1
corp191,corp191@gmail.com,191proc,,,corpUSA10
corp192,corp192@gmail.com,291proc,,,corpUSA13
corp193,corp193@gmail.com,391proc,,,corpUK8
corp194,corp194@gmail.com,491proc,,,corpUSA9
corp195,corp195@gmail.com,591proc,,,corpBan8
corp196,corp196@gmail.com,691proc,,,corpBan4
corp197,corp197@gmail.com,791proc,,,corpBan5
corp198,corp198@gmail.com,891proc,,,corpBan1
corp199,corp199@gmail.com,991proc,,,corpUK6
corp200,corp200@gmail.com,002proc,,,corUkr11
corp201,corp201@gmail.com,102proc,,,corpBan11
corp202,corp202@gmail.com,202proc,,,corpBan6
corp203,corp203@gmail.com,302proc,,,corpBan9
corp204,corp204@gmail.com,402proc,,,corpBan12
corp205,corp205@gmail.com,502proc,,,corpUSA12
corp206,corp206@gmail.com,602proc,,,corpUSA6
